{
  "function": "cec2017_f27",
  "func_id": 27,
  "dim": 30,
  "f_star": 2700.0,
  "n_runs": 51,
  "error_min": 491.7826110437695,
  "error_median": 507.64365965046454,
  "error_mean": 506.3628938613832,
  "error_max": 514.2715341348735,
  "eps_in": 512.6436596504645,
  "margin": 5.0,
  "eps_source": "median(final_error)+margin",
  "r_geo": 5.0,
  "K_1_success": 50,
  "K_1_tau_med": 138.5,
  "K_1_N_med": 420.5,
  "K_1_n_in_med": 1.0,
  "K_1_gap_med": 4.234251374939845,
  "K_1_gap_q80": 6.020726214949354,
  "K_1_gap_le_5": 0.6759756787330318,
  "K_1_gap_le_10": 0.9963942307692308,
  "K_1_r80": 25.800369170123208,
  "K_1_tight": 0.7466142018831385,
  "K_1_beta_r": 0.002400963844309168,
  "K_5_success": 50,
  "K_5_tau_med": 146.0,
  "K_5_N_med": 415.0,
  "K_5_n_in_med": 6.0,
  "K_5_gap_med": 2.545642773784948,
  "K_5_gap_q80": 3.9584617185704705,
  "K_5_gap_le_5": 0.9274744829438625,
  "K_5_gap_le_10": 1.0,
  "K_5_r80": 19.392253458479246,
  "K_5_tight": 0.7277101102059853,
  "K_5_beta_r": 0.0024420060826525133,
  "K_10pctN_success": 50,
  "K_10pctN_tau_med": 150.5,
  "K_10pctN_N_med": 411.5,
  "K_10pctN_n_in_med": 47.0,
  "K_10pctN_gap_med": 1.4381469784967749,
  "K_10pctN_gap_q80": 2.5546391949558718,
  "K_10pctN_gap_le_5": 0.9822131849315068,
  "K_10pctN_gap_le_10": 1.0,
  "K_10pctN_r80": 13.17375105835503,
  "K_10pctN_tight": 0.7583885218114595,
  "K_10pctN_beta_r": 0.007069972464025583,
  "K_25pctN_success": 50,
  "K_25pctN_tau_med": 152.5,
  "K_25pctN_N_med": 410.5,
  "K_25pctN_n_in_med": 114.5,
  "K_25pctN_gap_med": 0.9480422331150749,
  "K_25pctN_gap_q80": 1.9255749169405136,
  "K_25pctN_gap_le_5": 0.9912616261626163,
  "K_25pctN_gap_le_10": 1.0,
  "K_25pctN_r80": 12.70024829894597,
  "K_25pctN_tight": 0.7683596534281185,
  "K_25pctN_beta_r": 0.01561280926539175
}