{
  "function": "cec2017_f14",
  "func_id": 14,
  "dim": 10,
  "f_star": 1400.0,
  "n_runs": 51,
  "error_min": 0.0,
  "error_median": 0.02734450920524978,
  "error_mean": 0.582509688086136,
  "error_max": 20.00667882244852,
  "eps_in": 5.02734450920525,
  "margin": 5.0,
  "eps_source": "median(final_error)+margin",
  "r_geo": 5.0,
  "K_1_success": 50,
  "K_1_tau_med": 518.0,
  "K_1_N_med": 72.0,
  "K_1_n_in_med": 1.0,
  "K_1_err_best_tau_med": 4.716298458227357,
  "K_1_depth_into_Ain_med": 0.3110460509778932,
  "K_1_gap_med": 7.225375574724012,
  "K_1_gap_q80": 10.875809248169027,
  "K_1_gap_le_5": 0.29785247432306255,
  "K_1_gap_le_10": 0.74486105824134,
  "K_1_r80": 33.996413616524855,
  "K_1_tight": 0.7145634442043802,
  "K_1_beta_r": 0.09014492753623188,
  "K_5_success": 50,
  "K_5_tau_med": 576.0,
  "K_5_N_med": 65.5,
  "K_5_n_in_med": 5.0,
  "K_5_err_best_tau_med": 3.2503889902468472,
  "K_5_depth_into_Ain_med": 1.7769555189584025,
  "K_5_gap_med": 3.8414675106753293,
  "K_5_gap_q80": 6.207094253097899,
  "K_5_gap_le_5": 0.666564039408867,
  "K_5_gap_le_10": 1.0,
  "K_5_r80": 33.124123883510435,
  "K_5_tight": 0.7187472397378841,
  "K_5_beta_r": 0.0901702786377709,
  "K_10pctN_success": 50,
  "K_10pctN_tau_med": 586.0,
  "K_10pctN_N_med": 64.0,
  "K_10pctN_n_in_med": 7.0,
  "K_10pctN_err_best_tau_med": 2.8958876515877137,
  "K_10pctN_depth_into_Ain_med": 2.131456857617536,
  "K_10pctN_gap_med": 3.269699268946624,
  "K_10pctN_gap_q80": 5.267365289182113,
  "K_10pctN_gap_le_5": 0.7636363636363637,
  "K_10pctN_gap_le_10": 1.0,
  "K_10pctN_r80": 32.15720928446074,
  "K_10pctN_tight": 0.7106183731362095,
  "K_10pctN_beta_r": 0.12756539235412476,
  "K_25pctN_success": 50,
  "K_25pctN_tau_med": 607.0,
  "K_25pctN_N_med": 62.0,
  "K_25pctN_n_in_med": 16.0,
  "K_25pctN_err_best_tau_med": 2.246822537779053,
  "K_25pctN_depth_into_Ain_med": 2.7805219714261966,
  "K_25pctN_gap_med": 2.200697175378764,
  "K_25pctN_gap_q80": 3.991291179904465,
  "K_25pctN_gap_le_5": 0.8998397435897436,
  "K_25pctN_gap_le_10": 1.0,
  "K_25pctN_r80": 32.4777249662247,
  "K_25pctN_tight": 0.7395057788740927,
  "K_25pctN_beta_r": 0.12777777777777777
}