{
  "n_runs": 51,
  "n_hits": 8,
  "hit_rate": 0.1568627450980392,
  "tau_median": 576.5,
  "tau_mean": 575.5,
  "n_hits_out": 51,
  "hit_rate_out": 1.0,
  "tau_out_median": 0.0,
  "tau_out_mean": 0.0,
  "G2G3_rate_mean": 0.2935906267000283,
  "G2G3_rate_median": 0.0,
  "G4_rate_mean": 1.0,
  "G4_rate_median": 1.0,
  "G5_rate_mean": 0.4507629299409228,
  "G5_rate_median": 0.17190388170055454,
  "Ghat_rate_mean": 0.2836507912464383,
  "Ghat_rate_median": 0.0,
  "gamma0_mean": 2.48993998422503e-06,
  "runs_with_any_G4": 51,
  "runs_with_any_Ghat": 19,
  "runs_with_any_gamma0_pos": 19,
  "n_ever_G2G3": 19,
  "n_ever_G4": 51,
  "n_ever_Ghat": 19,
  "tau_G2G3_first_median": 198.0,
  "tau_G4_first_median": 0.0,
  "tau_Ghat_first_median": 198.0,
  "n_stable_Ghat": 18,
  "tau_Ghat_stable_median": 197.0,
  "tau_Ghat_stable_mean": 203.72222222222223,
  "n_valid_phases": 8,
  "phase1_median": 197.0,
  "phase1_mean": 204.5,
  "phase2_median": 373.0,
  "phase2_mean": 371.0,
  "phase_ratio_median": 1.948822605965463,
  "phase_ratio_mean": 1.8600284741393325,
  "T_conc_10_median": 198.0,
  "T_conc_10_mean": 223.89473684210526,
  "n_finite_T_conc_10": 19,
  "delta_10_median": 373.0,
  "delta_10_mean": 371.0,
  "n_positive_delta_10": 8,
  "p_delta_positive_10": 1.0,
  "n_finite_Twit": 18,
  "Twit_median": 197.0,
  "Twit_mean": 203.72222222222223,
  "Twit_inf_rate": 0.6470588235294118,
  "n_runs_with_at_risk": 51,
  "function": "cec2017_f21",
  "eps_in": 100.0,
  "eps_out": 400.0,
  "dim": 10,
  "r_conc": 2.0,
  "m_min": 4
}