{
  "n_runs": 51,
  "n_hits": 25,
  "hit_rate": 0.49019607843137253,
  "tau_median": 385.0,
  "tau_mean": 390.36,
  "n_hits_out": 30,
  "hit_rate_out": 0.5882352941176471,
  "tau_out_median": 287.0,
  "tau_out_mean": 290.23333333333335,
  "G2G3_rate_mean": 0.4211511945451652,
  "G2G3_rate_median": 0.7541589648798521,
  "G4_rate_mean": 0.20580394349098013,
  "G4_rate_median": 0.18857142857142858,
  "G5_rate_mean": 1.0,
  "G5_rate_median": 1.0,
  "Ghat_rate_mean": 0.08292496135318228,
  "Ghat_rate_median": 0.0,
  "gamma0_mean": 1.0273921065252518e-06,
  "runs_with_any_G4": 30,
  "runs_with_any_Ghat": 6,
  "runs_with_any_gamma0_pos": 6,
  "n_ever_G2G3": 51,
  "n_ever_G4": 30,
  "n_ever_Ghat": 30,
  "tau_G2G3_first_median": 380.0,
  "tau_G4_first_median": 287.0,
  "tau_Ghat_first_median": 397.5,
  "n_stable_Ghat": 6,
  "tau_Ghat_stable_median": 340.0,
  "tau_Ghat_stable_mean": 361.1666666666667,
  "n_valid_phases": 1,
  "phase1_median": 453.0,
  "phase1_mean": 453.0,
  "phase2_median": 7.0,
  "phase2_mean": 7.0,
  "phase_ratio_median": 0.01545253863134658,
  "phase_ratio_mean": 0.01545253863134658,
  "T_conc_10_median": 388.0,
  "T_conc_10_mean": 402.5098039215686,
  "n_finite_T_conc_10": 51,
  "delta_10_median": -28.0,
  "delta_10_mean": -35.2,
  "n_positive_delta_10": 1,
  "p_delta_positive_10": 0.04,
  "n_finite_Twit": 30,
  "Twit_median": 433.0,
  "Twit_mean": 419.3,
  "Twit_inf_rate": 0.4117647058823529,
  "n_runs_with_at_risk": 51,
  "function": "cec2017_f12",
  "eps_in": 10.0,
  "eps_out": 40.0,
  "dim": 10,
  "r_conc": 2.0,
  "m_min": 4
}