{
  "function": "cec2017_f5",
  "func_id": 5,
  "dim": 10,
  "f_star": 500.0,
  "n_runs": 51,
  "error_min": 0.9954569388921186,
  "error_median": 2.9856618789904132,
  "error_mean": 2.9083341929102087,
  "error_max": 4.975225858799945,
  "eps_in": 7.985661878990413,
  "margin": 5.0,
  "eps_source": "median(final_error)+margin",
  "r_geo": 5.0,
  "K_1_success": 51,
  "K_1_tau_med": 362.0,
  "K_1_N_med": 95.0,
  "K_1_n_in_med": 1.0,
  "K_1_err_best_tau_med": 7.538455042061855,
  "K_1_depth_into_Ain_med": 0.447206836928558,
  "K_1_gap_med": 11.530893910369286,
  "K_1_gap_q80": 16.452605934270697,
  "K_1_gap_le_5": 0.10638297872340426,
  "K_1_gap_le_10": 0.39361702127659576,
  "K_1_r80": 79.86210901103026,
  "K_1_tight": 0.8416534911678093,
  "K_1_beta_r": 0.010526315789473684,
  "K_5_success": 51,
  "K_5_tau_med": 459.0,
  "K_5_N_med": 80.0,
  "K_5_n_in_med": 5.0,
  "K_5_err_best_tau_med": 5.702285181061484,
  "K_5_depth_into_Ain_med": 2.2833766979289294,
  "K_5_gap_med": 6.567187875266143,
  "K_5_gap_q80": 9.737397934158162,
  "K_5_gap_le_5": 0.34146341463414637,
  "K_5_gap_le_10": 0.8082191780821918,
  "K_5_r80": 74.70242685837,
  "K_5_tight": 0.8471814397720483,
  "K_5_beta_r": 0.0125,
  "K_10pctN_success": 51,
  "K_10pctN_tau_med": 487.0,
  "K_10pctN_N_med": 76.0,
  "K_10pctN_n_in_med": 8.0,
  "K_10pctN_err_best_tau_med": 5.078412586277636,
  "K_10pctN_depth_into_Ain_med": 2.907249292712777,
  "K_10pctN_gap_med": 5.394137060934554,
  "K_10pctN_gap_q80": 8.13639822947789,
  "K_10pctN_gap_le_5": 0.44776119402985076,
  "K_10pctN_gap_le_10": 0.9305555555555556,
  "K_10pctN_r80": 73.22196487676678,
  "K_10pctN_tight": 0.8526874175207114,
  "K_10pctN_beta_r": 0.013157894736842105,
  "K_25pctN_success": 51,
  "K_25pctN_tau_med": 590.0,
  "K_25pctN_N_med": 64.0,
  "K_25pctN_n_in_med": 16.0,
  "K_25pctN_err_best_tau_med": 3.7676080649530945,
  "K_25pctN_depth_into_Ain_med": 4.218053814037319,
  "K_25pctN_gap_med": 3.1236201442179663,
  "K_25pctN_gap_q80": 5.077907320117834,
  "K_25pctN_gap_le_5": 0.7884615384615384,
  "K_25pctN_gap_le_10": 1.0,
  "K_25pctN_r80": 69.2082146625078,
  "K_25pctN_tight": 0.8672245139067718,
  "K_25pctN_beta_r": 0.015625
}