{
  "function": "cec2017_f17",
  "func_id": 17,
  "dim": 30,
  "f_star": 1700.0,
  "n_runs": 51,
  "error_min": 18.32967358486576,
  "error_median": 34.0937490460085,
  "error_mean": 33.42111963466263,
  "error_max": 42.71763980896685,
  "eps_in": 39.0937490460085,
  "margin": 5.0,
  "eps_source": "median(final_error)+margin",
  "r_geo": 5.0,
  "K_1_success": 44,
  "K_1_tau_med": 1772.0,
  "K_1_N_med": 22.5,
  "K_1_n_in_med": 1.0,
  "K_1_gap_med": 21.150106086931658,
  "K_1_gap_q80": 27.89854972924211,
  "K_1_gap_le_5": 0.046296296296296294,
  "K_1_gap_le_10": 0.1111111111111111,
  "K_1_r80": 249.9300880522335,
  "K_1_tight": 0.8850846942409414,
  "K_1_beta_r": 0.044466403162055336,
  "K_5_success": 4,
  "K_5_tau_med": 1999.0,
  "K_5_N_med": 15.5,
  "K_5_n_in_med": 5.0,
  "K_5_gap_med": 10.187306228578052,
  "K_5_gap_q80": 11.912123787481598,
  "K_5_gap_le_5": 0.2222222222222222,
  "K_5_gap_le_10": 0.5673076923076923,
  "K_5_r80": 245.21615759488844,
  "K_5_tight": 0.8577154178863432,
  "K_5_beta_r": 0.06512605042016806,
  "K_10pctN_success": 44,
  "K_10pctN_tau_med": 2186.5,
  "K_10pctN_N_med": 10.5,
  "K_10pctN_n_in_med": 1.5,
  "K_10pctN_gap_med": 11.972872705748102,
  "K_10pctN_gap_q80": 14.706565383987051,
  "K_10pctN_gap_le_5": 0.12698412698412698,
  "K_10pctN_gap_le_10": 0.358974358974359,
  "K_10pctN_r80": 238.32669905413724,
  "K_10pctN_tight": 0.8916305242854163,
  "K_10pctN_beta_r": 0.09545454545454546,
  "K_25pctN_success": 44,
  "K_25pctN_tau_med": 2321.0,
  "K_25pctN_N_med": 8.0,
  "K_25pctN_n_in_med": 2.0,
  "K_25pctN_gap_med": 6.13069894520504,
  "K_25pctN_gap_q80": 8.144781249224774,
  "K_25pctN_gap_le_5": 0.3333333333333333,
  "K_25pctN_gap_le_10": 1.0,
  "K_25pctN_r80": 230.36673597577072,
  "K_25pctN_tight": 0.8885715856323169,
  "K_25pctN_beta_r": 0.125
}