{
  "function": "cec2017_f4",
  "func_id": 4,
  "dim": 10,
  "f_star": 400.0,
  "n_runs": 51,
  "error_min": 0.0,
  "error_median": 0.0,
  "error_mean": 0.0,
  "error_max": 0.0,
  "eps_in": 5.0,
  "margin": 5.0,
  "eps_source": "median(final_error)+margin",
  "r_geo": 5.0,
  "K_1_success": 51,
  "K_1_tau_med": 86.0,
  "K_1_N_med": 154.0,
  "K_1_n_in_med": 1.0,
  "K_1_err_best_tau_med": 4.940762517689109,
  "K_1_depth_into_Ain_med": 0.05923748231089121,
  "K_1_gap_med": 0.54058454944294,
  "K_1_gap_q80": 0.7473863122441005,
  "K_1_gap_le_5": 1.0,
  "K_1_gap_le_10": 1.0,
  "K_1_r80": 13.121256131912547,
  "K_1_tight": 0.6787072225943579,
  "K_1_beta_r": 0.1858974358974359,
  "K_5_success": 51,
  "K_5_tau_med": 88.0,
  "K_5_N_med": 154.0,
  "K_5_n_in_med": 7.0,
  "K_5_err_best_tau_med": 4.840582983130446,
  "K_5_depth_into_Ain_med": 0.15941701686955412,
  "K_5_gap_med": 0.38499975122647356,
  "K_5_gap_q80": 0.5777059683250059,
  "K_5_gap_le_5": 1.0,
  "K_5_gap_le_10": 1.0,
  "K_5_r80": 12.1458826156306,
  "K_5_tight": 0.6783037397286328,
  "K_5_beta_r": 0.20261437908496732,
  "K_10pctN_success": 51,
  "K_10pctN_tau_med": 90.0,
  "K_10pctN_N_med": 153.0,
  "K_10pctN_n_in_med": 23.0,
  "K_10pctN_err_best_tau_med": 4.7105690631790935,
  "K_10pctN_depth_into_Ain_med": 0.2894309368209065,
  "K_10pctN_gap_med": 0.26082247978911255,
  "K_10pctN_gap_q80": 0.4356084357012264,
  "K_10pctN_gap_le_5": 1.0,
  "K_10pctN_gap_le_10": 1.0,
  "K_10pctN_r80": 11.672197354615909,
  "K_10pctN_tight": 0.6626777679044702,
  "K_10pctN_beta_r": 0.22727272727272727,
  "K_25pctN_success": 51,
  "K_25pctN_tau_med": 91.0,
  "K_25pctN_N_med": 153.0,
  "K_25pctN_n_in_med": 47.0,
  "K_25pctN_err_best_tau_med": 4.590408523488293,
  "K_25pctN_depth_into_Ain_med": 0.40959147651170724,
  "K_25pctN_gap_med": 0.19442453561342177,
  "K_25pctN_gap_q80": 0.3421459633060067,
  "K_25pctN_gap_le_5": 1.0,
  "K_25pctN_gap_le_10": 1.0,
  "K_25pctN_r80": 10.38329493197987,
  "K_25pctN_tight": 0.6566104599797488,
  "K_25pctN_beta_r": 0.3246753246753247
}