{
  "function": "cec2017_f5",
  "func_id": 5,
  "dim": 30,
  "f_star": 500.0,
  "n_runs": 51,
  "error_min": 3.1601799237533896,
  "error_median": 7.012789815104156,
  "error_mean": 6.603349375040863,
  "error_max": 11.019571935584054,
  "eps_in": 12.012789815104156,
  "margin": 5.0,
  "eps_source": "median(final_error)+margin",
  "r_geo": 5.0,
  "K_1_success": 51,
  "K_1_tau_med": 1354.0,
  "K_1_N_med": 48.0,
  "K_1_n_in_med": 1.0,
  "K_1_gap_med": 9.519688428760787,
  "K_1_gap_q80": 12.449543992318581,
  "K_1_gap_le_5": 0.16,
  "K_1_gap_le_10": 0.5686274509803921,
  "K_1_r80": 75.52818855560642,
  "K_1_tight": 0.900342272152485,
  "K_1_beta_r": 0.020833333333333332,
  "K_5_success": 50,
  "K_5_tau_med": 1626.0,
  "K_5_N_med": 29.0,
  "K_5_n_in_med": 5.0,
  "K_5_gap_med": 3.5602365693966362,
  "K_5_gap_q80": 5.469211991879742,
  "K_5_gap_le_5": 0.7416666666666667,
  "K_5_gap_le_10": 1.0,
  "K_5_r80": 70.96156491874939,
  "K_5_tight": 0.8994651927859096,
  "K_5_beta_r": 0.034482758620689655,
  "K_10pctN_success": 51,
  "K_10pctN_tau_med": 1560.0,
  "K_10pctN_N_med": 33.0,
  "K_10pctN_n_in_med": 4.0,
  "K_10pctN_gap_med": 4.577853090124677,
  "K_10pctN_gap_q80": 6.423942418898605,
  "K_10pctN_gap_le_5": 0.5769230769230769,
  "K_10pctN_gap_le_10": 1.0,
  "K_10pctN_r80": 71.64291349937844,
  "K_10pctN_tight": 0.9029574441718963,
  "K_10pctN_beta_r": 0.030303030303030304,
  "K_25pctN_success": 51,
  "K_25pctN_tau_med": 1729.0,
  "K_25pctN_N_med": 24.0,
  "K_25pctN_n_in_med": 6.0,
  "K_25pctN_gap_med": 2.637465912109178,
  "K_25pctN_gap_q80": 3.938477782074642,
  "K_25pctN_gap_le_5": 1.0,
  "K_25pctN_gap_le_10": 1.0,
  "K_25pctN_r80": 69.70055193525583,
  "K_25pctN_tight": 0.9074152866736211,
  "K_25pctN_beta_r": 0.041666666666666664
}