{
  "function": "cec2017_f4",
  "func_id": 4,
  "dim": 30,
  "f_star": 400.0,
  "n_runs": 51,
  "error_min": 58.561557302385154,
  "error_median": 58.561557302385154,
  "error_mean": 58.561557302385175,
  "error_max": 58.56155730238521,
  "eps_in": 63.561557302385154,
  "margin": 5.0,
  "eps_source": "median(final_error)+margin",
  "r_geo": 5.0,
  "K_1_success": 51,
  "K_1_tau_med": 334.0,
  "K_1_N_med": 297.0,
  "K_1_n_in_med": 1.0,
  "K_1_gap_med": 3.231675713705812,
  "K_1_gap_q80": 4.669819306076045,
  "K_1_gap_le_5": 0.8339622641509434,
  "K_1_gap_le_10": 1.0,
  "K_1_r80": 10.45949792263688,
  "K_1_tight": 0.836134293716975,
  "K_1_beta_r": 0.006535947712418301,
  "K_5_success": 51,
  "K_5_tau_med": 337.0,
  "K_5_N_med": 295.0,
  "K_5_n_in_med": 8.0,
  "K_5_gap_med": 2.3026570293721136,
  "K_5_gap_q80": 3.4241320080163975,
  "K_5_gap_le_5": 0.9616858237547893,
  "K_5_gap_le_10": 1.0,
  "K_5_r80": 9.673012224899313,
  "K_5_tight": 0.8398535437695156,
  "K_5_beta_r": 0.014184397163120567,
  "K_10pctN_success": 51,
  "K_10pctN_tau_med": 340.0,
  "K_10pctN_N_med": 293.0,
  "K_10pctN_n_in_med": 44.0,
  "K_10pctN_gap_med": 1.35984970336159,
  "K_10pctN_gap_q80": 2.3217987034927434,
  "K_10pctN_gap_le_5": 1.0,
  "K_10pctN_gap_le_10": 1.0,
  "K_10pctN_r80": 9.470124557437266,
  "K_10pctN_tight": 0.8387935165299699,
  "K_10pctN_beta_r": 0.01567398119122257,
  "K_25pctN_success": 51,
  "K_25pctN_tau_med": 342.0,
  "K_25pctN_N_med": 292.0,
  "K_25pctN_n_in_med": 93.0,
  "K_25pctN_gap_med": 0.9607189039450645,
  "K_25pctN_gap_q80": 1.8438635444778129,
  "K_25pctN_gap_le_5": 1.0,
  "K_25pctN_gap_le_10": 1.0,
  "K_25pctN_r80": 9.13932574770119,
  "K_25pctN_tight": 0.8457241680316581,
  "K_25pctN_beta_r": 0.02459016393442623
}