{
  "n_runs": 51,
  "n_hits": 51,
  "hit_rate": 1.0,
  "tau_median": 299.0,
  "tau_mean": 310.96078431372547,
  "n_hits_out": 51,
  "hit_rate_out": 1.0,
  "tau_out_median": 129.0,
  "tau_out_mean": 131.41176470588235,
  "G2G3_rate_mean": 0.0009763241396143519,
  "G2G3_rate_median": 0.0,
  "G4_rate_mean": 0.5469716789473733,
  "G4_rate_median": 0.5454545454545454,
  "G5_rate_mean": 1.0,
  "G5_rate_median": 1.0,
  "Ghat_rate_mean": 0.0009763241396143519,
  "Ghat_rate_median": 0.0,
  "gamma0_mean": 1.3507256442287414e-12,
  "runs_with_any_G4": 51,
  "runs_with_any_Ghat": 1,
  "runs_with_any_gamma0_pos": 1,
  "n_ever_G2G3": 47,
  "n_ever_G4": 51,
  "n_ever_Ghat": 46,
  "tau_G2G3_first_median": 603.0,
  "tau_G4_first_median": 129.0,
  "tau_Ghat_first_median": 601.0,
  "n_stable_Ghat": 1,
  "tau_Ghat_stable_median": 458.0,
  "tau_Ghat_stable_mean": 458.0,
  "n_valid_phases": 1,
  "phase1_median": 458.0,
  "phase1_mean": 458.0,
  "phase2_median": 24.0,
  "phase2_mean": 24.0,
  "phase_ratio_median": 0.05240174672489083,
  "phase_ratio_mean": 0.05240174672489083,
  "T_conc_10_median": 657.0,
  "T_conc_10_mean": 651.7446808510638,
  "n_finite_T_conc_10": 47,
  "delta_10_median": -360.0,
  "delta_10_mean": -347.4468085106383,
  "n_positive_delta_10": 1,
  "p_delta_positive_10": 0.0196078431372549,
  "n_finite_Twit": 45,
  "Twit_median": 729.0,
  "Twit_mean": 720.6222222222223,
  "Twit_inf_rate": 0.11764705882352941,
  "n_runs_with_at_risk": 51,
  "function": "cec2017_f13",
  "eps_in": 10.0,
  "eps_out": 40.0,
  "dim": 10,
  "r_conc": 2.0,
  "m_min": 4
}