{
  "function": "cec2017_f29",
  "func_id": 29,
  "dim": 30,
  "f_star": 2900.0,
  "n_runs": 51,
  "error_min": 428.78220545880686,
  "error_median": 439.50618911871925,
  "error_mean": 439.757429426286,
  "error_max": 455.16680413260565,
  "eps_in": 444.50618911871925,
  "margin": 5.0,
  "eps_source": "median(final_error)+margin",
  "r_geo": 5.0,
  "K_1_success": 42,
  "K_1_tau_med": 2048.0,
  "K_1_N_med": 14.0,
  "K_1_n_in_med": 1.0,
  "K_1_gap_med": 18.58172535091694,
  "K_1_gap_q80": 22.141893908150227,
  "K_1_gap_le_5": 0.04880952380952381,
  "K_1_gap_le_10": 0.17708333333333331,
  "K_1_r80": 129.7100588435348,
  "K_1_tight": 0.8537086778882279,
  "K_1_beta_r": 0.07142857142857142,
  "K_5_success": 7,
  "K_5_tau_med": 2496.0,
  "K_5_N_med": 6.0,
  "K_5_n_in_med": 5.0,
  "K_5_gap_med": 2.6142241554089196,
  "K_5_gap_q80": 3.5511051083796703,
  "K_5_gap_le_5": 1.0,
  "K_5_gap_le_10": 1.0,
  "K_5_r80": 122.93595895901987,
  "K_5_tight": 0.8410584062800215,
  "K_5_beta_r": 0.16666666666666666,
  "K_10pctN_success": 42,
  "K_10pctN_tau_med": 2203.0,
  "K_10pctN_N_med": 10.0,
  "K_10pctN_n_in_med": 1.0,
  "K_10pctN_gap_med": 11.772370452042082,
  "K_10pctN_gap_q80": 14.869628932185606,
  "K_10pctN_gap_le_5": 0.14285714285714285,
  "K_10pctN_gap_le_10": 0.3333333333333333,
  "K_10pctN_r80": 127.8672040157607,
  "K_10pctN_tight": 0.8624388424131032,
  "K_10pctN_beta_r": 0.1,
  "K_25pctN_success": 42,
  "K_25pctN_tau_med": 2487.0,
  "K_25pctN_N_med": 6.5,
  "K_25pctN_n_in_med": 2.0,
  "K_25pctN_gap_med": 7.559652709233433,
  "K_25pctN_gap_q80": 9.159876833004319,
  "K_25pctN_gap_le_5": 0.3333333333333333,
  "K_25pctN_gap_le_10": 0.9166666666666667,
  "K_25pctN_r80": 128.71115884973875,
  "K_25pctN_tight": 0.8798635887317783,
  "K_25pctN_beta_r": 0.15476190476190477
}