{
  "meta": {
    "func": "f1",
    "f_star": 100.0,
    "eps": 10.0,
    "eps_quarter": 2.5,
    "F_minus": 0.1,
    "F_plus": 0.9,
    "Delta_F": 0.8,
    "window": 20,
    "dim": 10,
    "H": 6,
    "c_cr": 0.5,
    "eta_r": 0.5,
    "r_conc": 10.0,
    "n_runs": 51,
    "n_valid": 51,
    "method": "good_slots",
    "g_threshold": 0.01,
    "q_threshold": 0.1
  },
  "hitting_times": {
    "tau_eps_median": 186.0,
    "tau_eps4_median": 197.0
  },
  "validation": {
    "n_cond_samples": 1071,
    "n_success": 677,
    "p_empirical": 0.6321195144724556,
    "a_tilde": {
      "median": 0.06130431987712366,
      "mean": 0.06136106992037252,
      "min": 0.04241664174997382,
      "max": 0.07877767611755433
    },
    "ratio": 10.311174085928283,
    "bound_satisfied": true,
    "components": {
      "c_pair": {
        "median": 1.0,
        "min": 1.0,
        "max": 1.0
      },
      "g_minus": {
        "median": 0.1532622411663683,
        "min": 0.10604249098506098,
        "max": 0.19694696144297472
      },
      "g_minus_Delta_F": {
        "median": 0.12260979293309465,
        "min": 0.08483399278804879,
        "max": 0.1575575691543798
      },
      "q_minus": {
        "median": 0.9999906725639034,
        "min": 0.9999587446145203,
        "max": 0.9999969606279712
      },
      "beta1": {
        "median": 1.0,
        "min": 1.0,
        "max": 1.0
      },
      "slot_factor": {
        "median": 1.0,
        "min": 1.0,
        "max": 1.0
      },
      "G_t_size": {
        "median": 6.0,
        "min": 6,
        "max": 6
      }
    }
  }
}