{
  "n_runs": 51,
  "n_hits": 2,
  "hit_rate": 0.0392156862745098,
  "tau_median": 138.0,
  "tau_mean": 138.0,
  "n_hits_out": 2,
  "hit_rate_out": 0.0392156862745098,
  "tau_out_median": 102.0,
  "tau_out_mean": 102.0,
  "G2G3_rate_mean": 0.9075513754485157,
  "G2G3_rate_median": 0.944547134935305,
  "G4_rate_mean": 0.010162903545256485,
  "G4_rate_median": 0.0,
  "G5_rate_mean": 1.0,
  "G5_rate_median": 1.0,
  "Ghat_rate_mean": 0.0,
  "Ghat_rate_median": 0.0,
  "gamma0_mean": 0.0,
  "runs_with_any_G4": 2,
  "runs_with_any_Ghat": 0,
  "runs_with_any_gamma0_pos": 0,
  "n_finite_Twit": 2,
  "Twit_median": 167.0,
  "Twit_mean": 167.0,
  "Twit_inf_rate": 0.9607843137254902,
  "n_runs_with_at_risk": 51,
  "function": "cec2017_f22",
  "eps_in": 10.0,
  "eps_out": 40.0,
  "dim": 10,
  "r_conc": 2.0,
  "m_min": 4
}