{
  "function": "cec2017_f1",
  "func_id": 1,
  "dim": 30,
  "f_star": 100.0,
  "n_runs": 51,
  "error_min": 0.0,
  "error_median": 0.0,
  "error_mean": 1.1145768404080003e-15,
  "error_max": 1.4210854715202004e-14,
  "eps_in": 5.0,
  "margin": 5.0,
  "eps_source": "median(final_error)+margin",
  "r_geo": 5.0,
  "K_1_success": 51,
  "K_1_tau_med": 283.0,
  "K_1_N_med": 325.0,
  "K_1_n_in_med": 1.0,
  "K_1_gap_med": 6.459371315635636,
  "K_1_gap_q80": 9.779665351985452,
  "K_1_gap_le_5": 0.3231707317073171,
  "K_1_gap_le_10": 0.8079268292682927,
  "K_1_r80": 0.9476409659622469,
  "K_1_tight": 0.5395137843778717,
  "K_1_beta_r": 1.0,
  "K_5_success": 51,
  "K_5_tau_med": 284.0,
  "K_5_N_med": 324.0,
  "K_5_n_in_med": 7.0,
  "K_5_gap_med": 4.427679605329409,
  "K_5_gap_q80": 7.073139277178569,
  "K_5_gap_le_5": 0.5814696485623003,
  "K_5_gap_le_10": 0.9472049689440993,
  "K_5_r80": 0.8215665642904588,
  "K_5_tight": 0.5450364267068892,
  "K_5_beta_r": 1.0,
  "K_10pctN_success": 51,
  "K_10pctN_tau_med": 287.0,
  "K_10pctN_N_med": 323.0,
  "K_10pctN_n_in_med": 44.0,
  "K_10pctN_gap_med": 2.302896080568452,
  "K_10pctN_gap_q80": 4.128609425348628,
  "K_10pctN_gap_le_5": 0.8843283582089553,
  "K_10pctN_gap_le_10": 1.0,
  "K_10pctN_r80": 0.7223379055515768,
  "K_10pctN_tight": 0.5480123943561275,
  "K_10pctN_beta_r": 1.0,
  "K_25pctN_success": 51,
  "K_25pctN_tau_med": 288.0,
  "K_25pctN_N_med": 322.0,
  "K_25pctN_n_in_med": 102.0,
  "K_25pctN_gap_med": 1.4810709621987357,
  "K_25pctN_gap_q80": 2.890207800966877,
  "K_25pctN_gap_le_5": 0.9601769911504425,
  "K_25pctN_gap_le_10": 1.0,
  "K_25pctN_r80": 0.6683874206790738,
  "K_25pctN_tight": 0.5455404026700283,
  "K_25pctN_beta_r": 1.0
}