{
  "function": "cec2017_f20",
  "func_id": 20,
  "dim": 10,
  "f_star": 2000.0,
  "n_runs": 51,
  "error_min": 2.5455132345086895e-05,
  "error_median": 2.5455133481955272e-05,
  "error_mean": 3.348875615230616e-05,
  "error_max": 0.00030956815930949233,
  "eps_in": 5.000025455133482,
  "margin": 5.0,
  "eps_source": "median(final_error)+margin",
  "r_geo": 5.0,
  "K_1_success": 51,
  "K_1_tau_med": 465.0,
  "K_1_N_med": 79.0,
  "K_1_n_in_med": 1.0,
  "K_1_err_best_tau_med": 4.5846161774959455,
  "K_1_depth_into_Ain_med": 0.41540927763753643,
  "K_1_gap_med": 5.54723336425036,
  "K_1_gap_q80": 7.627578604345673,
  "K_1_gap_le_5": 0.3924050632911392,
  "K_1_gap_le_10": 0.9473684210526315,
  "K_1_r80": 103.83117266962988,
  "K_1_tight": 0.6033415987057436,
  "K_1_beta_r": 0.01282051282051282,
  "K_5_success": 51,
  "K_5_tau_med": 504.0,
  "K_5_N_med": 74.0,
  "K_5_n_in_med": 5.0,
  "K_5_err_best_tau_med": 3.5818180657179255,
  "K_5_depth_into_Ain_med": 1.4182073894155565,
  "K_5_gap_med": 3.192133140554688,
  "K_5_gap_q80": 4.666368973981162,
  "K_5_gap_le_5": 0.8513513513513513,
  "K_5_gap_le_10": 1.0,
  "K_5_r80": 104.65407470690195,
  "K_5_tight": 0.6185207209280511,
  "K_5_beta_r": 0.0136986301369863,
  "K_10pctN_success": 51,
  "K_10pctN_tau_med": 514.0,
  "K_10pctN_N_med": 73.0,
  "K_10pctN_n_in_med": 8.0,
  "K_10pctN_err_best_tau_med": 3.237216517247134,
  "K_10pctN_depth_into_Ain_med": 1.7628089378863478,
  "K_10pctN_gap_med": 2.5733718023791425,
  "K_10pctN_gap_q80": 4.053803003309759,
  "K_10pctN_gap_le_5": 0.921875,
  "K_10pctN_gap_le_10": 1.0,
  "K_10pctN_r80": 103.43330439996112,
  "K_10pctN_tight": 0.6340010274074042,
  "K_10pctN_beta_r": 0.0136986301369863,
  "K_25pctN_success": 51,
  "K_25pctN_tau_med": 535.0,
  "K_25pctN_N_med": 70.0,
  "K_25pctN_n_in_med": 18.0,
  "K_25pctN_err_best_tau_med": 2.583337940037154,
  "K_25pctN_depth_into_Ain_med": 2.416687515096328,
  "K_25pctN_gap_med": 1.7465829152417882,
  "K_25pctN_gap_q80": 2.9655725584899755,
  "K_25pctN_gap_le_5": 1.0,
  "K_25pctN_gap_le_10": 1.0,
  "K_25pctN_r80": 104.15729132433567,
  "K_25pctN_tight": 0.5918612648867937,
  "K_25pctN_beta_r": 0.014492753623188406
}