{
  "n_runs": 51,
  "n_hits": 18,
  "hit_rate": 0.35294117647058826,
  "tau_median": 642.0,
  "tau_mean": 588.0,
  "n_hits_out": 51,
  "hit_rate_out": 1.0,
  "tau_out_median": 6.0,
  "tau_out_mean": 6.392156862745098,
  "G2G3_rate_mean": 0.8680242764951862,
  "G2G3_rate_median": 0.9380776340110906,
  "G4_rate_mean": 0.9944448562534879,
  "G4_rate_median": 0.9958410351201479,
  "G5_rate_mean": 1.0,
  "G5_rate_median": 1.0,
  "Ghat_rate_mean": 0.8680242764951862,
  "Ghat_rate_median": 0.9380776340110906,
  "gamma0_mean": 7.685341823114842e-06,
  "runs_with_any_G4": 51,
  "runs_with_any_Ghat": 49,
  "runs_with_any_gamma0_pos": 49,
  "n_ever_G2G3": 51,
  "n_ever_G4": 51,
  "n_ever_Ghat": 51,
  "tau_G2G3_first_median": 113.0,
  "tau_G4_first_median": 6.0,
  "tau_Ghat_first_median": 113.0,
  "n_stable_Ghat": 49,
  "tau_Ghat_stable_median": 123.0,
  "tau_Ghat_stable_mean": 131.0408163265306,
  "n_valid_phases": 16,
  "phase1_median": 121.5,
  "phase1_mean": 123.4375,
  "phase2_median": 521.5,
  "phase2_mean": 531.5,
  "phase_ratio_median": 4.378135070758022,
  "phase_ratio_mean": 4.3580538095462895,
  "T_conc_10_median": 117.0,
  "T_conc_10_mean": 118.84313725490196,
  "n_finite_T_conc_10": 51,
  "delta_10_median": 521.5,
  "delta_10_mean": 463.8333333333333,
  "n_positive_delta_10": 16,
  "p_delta_positive_10": 0.8888888888888888,
  "n_finite_Twit": 51,
  "Twit_median": 127.0,
  "Twit_mean": 132.45098039215685,
  "Twit_inf_rate": 0.0,
  "n_runs_with_at_risk": 51,
  "function": "cec2017_f22",
  "eps_in": 100.0,
  "eps_out": 400.0,
  "dim": 10,
  "r_conc": 2.0,
  "m_min": 4
}