{
  "n_runs": 51,
  "n_hits": 51,
  "hit_rate": 1.0,
  "tau_median": 186.0,
  "tau_mean": 186.5686274509804,
  "G2G3_rate_mean": 0.45181527376015185,
  "G2G3_rate_median": 0.4603174603174603,
  "G4_rate_mean": 0.09610635065082088,
  "G4_rate_median": 0.1,
  "G5_rate_mean": 1.0,
  "G5_rate_median": 1.0,
  "Ghat_rate_mean": 0.09610635065082088,
  "Ghat_rate_median": 0.1,
  "gamma0_mean": 1.1769009142138892e-08,
  "Twit_median": 169.0,
  "Twit_mean": 168.6078431372549,
  "Twit_inf_rate": 0.0,
  "n_runs_with_at_risk": 51,
  "function": "cec2017_f1",
  "eps_in": 10.0,
  "eps_out": 100.0,
  "dim": 10,
  "r_conc": 2.0,
  "m_min": 4
}