{
  "function": "cec2017_f24",
  "func_id": 24,
  "dim": 10,
  "f_star": 2400.0,
  "n_runs": 51,
  "error_min": 4.547473508864641e-13,
  "error_median": 331.70089914285336,
  "error_mean": 296.69910843426237,
  "error_max": 333.92717534347,
  "eps_in": 336.70089914285336,
  "margin": 5.0,
  "eps_source": "median(final_error)+margin",
  "r_geo": 5.0,
  "K_1_success": 51,
  "K_1_tau_med": 305.0,
  "K_1_N_med": 105.0,
  "K_1_n_in_med": 1.0,
  "K_1_err_best_tau_med": 336.3404371305146,
  "K_1_depth_into_Ain_med": 0.36046201233875763,
  "K_1_gap_med": 16.723438803244335,
  "K_1_gap_q80": 24.379677434219246,
  "K_1_gap_le_5": 0.05714285714285714,
  "K_1_gap_le_10": 0.19387755102040816,
  "K_1_r80": 64.11890917152473,
  "K_1_tight": 0.837216455693345,
  "K_1_beta_r": 0.009523809523809525,
  "K_5_success": 51,
  "K_5_tau_med": 462.0,
  "K_5_N_med": 80.0,
  "K_5_n_in_med": 5.0,
  "K_5_err_best_tau_med": 334.0140150720017,
  "K_5_depth_into_Ain_med": 2.6868840708516473,
  "K_5_gap_med": 8.350749035179433,
  "K_5_gap_q80": 12.979957633173944,
  "K_5_gap_le_5": 0.24390243902439024,
  "K_5_gap_le_10": 0.6119402985074627,
  "K_5_r80": 61.757658518538655,
  "K_5_tight": 0.8500930310862955,
  "K_5_beta_r": 0.012658227848101266,
  "K_10pctN_success": 51,
  "K_10pctN_tau_med": 532.0,
  "K_10pctN_N_med": 70.0,
  "K_10pctN_n_in_med": 7.0,
  "K_10pctN_err_best_tau_med": 333.22477030252185,
  "K_10pctN_depth_into_Ain_med": 3.476128840331512,
  "K_10pctN_gap_med": 6.22101439917833,
  "K_10pctN_gap_q80": 9.929346510092275,
  "K_10pctN_gap_le_5": 0.4027777777777778,
  "K_10pctN_gap_le_10": 0.8,
  "K_10pctN_r80": 60.037775568555794,
  "K_10pctN_tight": 0.8600050129957657,
  "K_10pctN_beta_r": 0.014285714285714285,
  "K_25pctN_success": 51,
  "K_25pctN_tau_med": 657.0,
  "K_25pctN_N_med": 56.0,
  "K_25pctN_n_in_med": 14.0,
  "K_25pctN_err_best_tau_med": 332.0686634923354,
  "K_25pctN_depth_into_Ain_med": 4.632235650517941,
  "K_25pctN_gap_med": 3.102908657313492,
  "K_25pctN_gap_q80": 4.760693545580125,
  "K_25pctN_gap_le_5": 0.8333333333333334,
  "K_25pctN_gap_le_10": 1.0,
  "K_25pctN_r80": 55.268780821547985,
  "K_25pctN_tight": 0.8635830443580602,
  "K_25pctN_beta_r": 0.01818181818181818
}