{
  "function": "cec2017_f26",
  "func_id": 26,
  "dim": 30,
  "f_star": 2600.0,
  "n_runs": 51,
  "error_min": 908.7723349615981,
  "error_median": 969.7257206324248,
  "error_mean": 971.6526894516021,
  "error_max": 1024.8539966987191,
  "eps_in": 974.7257206324248,
  "margin": 5.0,
  "eps_source": "median(final_error)+margin",
  "r_geo": 5.0,
  "K_1_success": 26,
  "K_1_tau_med": 1410.0,
  "K_1_N_med": 43.5,
  "K_1_n_in_med": 1.0,
  "K_1_gap_med": 98.56481827809034,
  "K_1_gap_q80": 119.96453015551161,
  "K_1_gap_le_5": 0.0,
  "K_1_gap_le_10": 0.0,
  "K_1_r80": 47.49461338752874,
  "K_1_tight": 0.9002470912844969,
  "K_1_beta_r": 0.023064687168610817,
  "K_5_success": 9,
  "K_5_tau_med": 1688.0,
  "K_5_N_med": 26.0,
  "K_5_n_in_med": 5.0,
  "K_5_gap_med": 35.3897731650527,
  "K_5_gap_q80": 49.34369034128777,
  "K_5_gap_le_5": 0.046511627906976744,
  "K_5_gap_le_10": 0.09302325581395349,
  "K_5_r80": 39.795793549448646,
  "K_5_tight": 0.9091106525143402,
  "K_5_beta_r": 0.038461538461538464,
  "K_10pctN_success": 26,
  "K_10pctN_tau_med": 1829.0,
  "K_10pctN_N_med": 20.0,
  "K_10pctN_n_in_med": 2.0,
  "K_10pctN_gap_med": 48.46432330506093,
  "K_10pctN_gap_q80": 61.62704703816294,
  "K_10pctN_gap_le_5": 0.0,
  "K_10pctN_gap_le_10": 0.0,
  "K_10pctN_r80": 45.39643500994285,
  "K_10pctN_tight": 0.9132776775424554,
  "K_10pctN_beta_r": 0.05,
  "K_25pctN_success": 26,
  "K_25pctN_tau_med": 2321.0,
  "K_25pctN_N_med": 8.0,
  "K_25pctN_n_in_med": 2.0,
  "K_25pctN_gap_med": 26.745211776733868,
  "K_25pctN_gap_q80": 34.27765146917227,
  "K_25pctN_gap_le_5": 0.0,
  "K_25pctN_gap_le_10": 0.020833333333333332,
  "K_25pctN_r80": 41.5792147952162,
  "K_25pctN_tight": 0.9232785148201572,
  "K_25pctN_beta_r": 0.125
}