{
  "function": "cec2017_f18",
  "func_id": 18,
  "dim": 10,
  "f_star": 1800.0,
  "n_runs": 51,
  "error_min": 0.00014355927373799204,
  "error_median": 0.3648002764653029,
  "error_mean": 0.6577587497162286,
  "error_max": 20.149767420680746,
  "eps_in": 5.364800276465303,
  "margin": 5.0,
  "eps_source": "median(final_error)+margin",
  "r_geo": 5.0,
  "K_1_success": 50,
  "K_1_tau_med": 327.0,
  "K_1_N_med": 101.0,
  "K_1_n_in_med": 1.0,
  "K_1_err_best_tau_med": 4.523689688384138,
  "K_1_depth_into_Ain_med": 0.8411105880811647,
  "K_1_gap_med": 8.813218591400982,
  "K_1_gap_q80": 12.722473883066119,
  "K_1_gap_le_5": 0.16262626262626262,
  "K_1_gap_le_10": 0.6012702893436839,
  "K_1_r80": 29.08974174988122,
  "K_1_tight": 0.6793978874468245,
  "K_1_beta_r": 0.03,
  "K_5_success": 50,
  "K_5_tau_med": 362.0,
  "K_5_N_med": 95.0,
  "K_5_n_in_med": 5.0,
  "K_5_err_best_tau_med": 3.69094377725105,
  "K_5_depth_into_Ain_med": 1.6738564992142528,
  "K_5_gap_med": 3.980506668972623,
  "K_5_gap_q80": 6.248427955545437,
  "K_5_gap_le_5": 0.6505028735632183,
  "K_5_gap_le_10": 0.9886348960351286,
  "K_5_r80": 22.267896255624954,
  "K_5_tight": 0.7053397009580669,
  "K_5_beta_r": 0.07723836899819014,
  "K_10pctN_success": 50,
  "K_10pctN_tau_med": 370.5,
  "K_10pctN_N_med": 93.5,
  "K_10pctN_n_in_med": 10.0,
  "K_10pctN_err_best_tau_med": 2.917642234010259,
  "K_10pctN_depth_into_Ain_med": 2.447158042455044,
  "K_10pctN_gap_med": 2.975736092552779,
  "K_10pctN_gap_q80": 5.191917852797497,
  "K_10pctN_gap_le_5": 0.7777777777777778,
  "K_10pctN_gap_le_10": 1.0,
  "K_10pctN_r80": 21.560108844077025,
  "K_10pctN_tight": 0.7141653012477511,
  "K_10pctN_beta_r": 0.09092083171897197,
  "K_25pctN_success": 50,
  "K_25pctN_tau_med": 379.5,
  "K_25pctN_N_med": 92.0,
  "K_25pctN_n_in_med": 24.0,
  "K_25pctN_err_best_tau_med": 2.2681048456271355,
  "K_25pctN_depth_into_Ain_med": 3.0966954308381673,
  "K_25pctN_gap_med": 1.8583300640149787,
  "K_25pctN_gap_q80": 3.412774455176214,
  "K_25pctN_gap_le_5": 0.9334650856389988,
  "K_25pctN_gap_le_10": 1.0,
  "K_25pctN_r80": 20.263964783418224,
  "K_25pctN_tight": 0.6756383021358024,
  "K_25pctN_beta_r": 0.1257183908045977
}