{
  "function": "cec2017_f13",
  "func_id": 13,
  "dim": 10,
  "f_star": 1300.0,
  "n_runs": 51,
  "error_min": 0.0,
  "error_median": 5.951113475483453,
  "error_mean": 3.9173721069606007,
  "error_max": 6.508101829928137,
  "eps_in": 10.951113475483453,
  "margin": 5.0,
  "eps_source": "median(final_error)+margin",
  "r_geo": 5.0,
  "K_1_success": 51,
  "K_1_tau_med": 272.0,
  "K_1_N_med": 111.0,
  "K_1_n_in_med": 1.0,
  "K_1_err_best_tau_med": 10.549729089420453,
  "K_1_depth_into_Ain_med": 0.4013843860630004,
  "K_1_gap_med": 10.716365493351532,
  "K_1_gap_q80": 14.999620013059257,
  "K_1_gap_le_5": 0.1111111111111111,
  "K_1_gap_le_10": 0.452991452991453,
  "K_1_r80": 26.995361563346957,
  "K_1_tight": 0.759067765140122,
  "K_1_beta_r": 0.009174311926605505,
  "K_5_success": 51,
  "K_5_tau_med": 336.0,
  "K_5_N_med": 99.0,
  "K_5_n_in_med": 5.0,
  "K_5_err_best_tau_med": 8.951762619905367,
  "K_5_depth_into_Ain_med": 1.9993508555780863,
  "K_5_gap_med": 5.55013144344548,
  "K_5_gap_q80": 8.309186857292346,
  "K_5_gap_le_5": 0.4367816091954023,
  "K_5_gap_le_10": 0.8865979381443299,
  "K_5_r80": 23.402521171942148,
  "K_5_tight": 0.7309147087158636,
  "K_5_beta_r": 0.010752688172043012,
  "K_10pctN_success": 51,
  "K_10pctN_tau_med": 371.0,
  "K_10pctN_N_med": 93.0,
  "K_10pctN_n_in_med": 10.0,
  "K_10pctN_err_best_tau_med": 8.534483812154349,
  "K_10pctN_depth_into_Ain_med": 2.416629663329104,
  "K_10pctN_gap_med": 4.170489262987076,
  "K_10pctN_gap_q80": 6.033466846760257,
  "K_10pctN_gap_le_5": 0.6588235294117647,
  "K_10pctN_gap_le_10": 1.0,
  "K_10pctN_r80": 23.290102872334906,
  "K_10pctN_tight": 0.7290907495644783,
  "K_10pctN_beta_r": 0.014084507042253521,
  "K_25pctN_success": 51,
  "K_25pctN_tau_med": 429.0,
  "K_25pctN_N_med": 84.0,
  "K_25pctN_n_in_med": 21.0,
  "K_25pctN_err_best_tau_med": 8.252326555936179,
  "K_25pctN_depth_into_Ain_med": 2.698786919547274,
  "K_25pctN_gap_med": 2.2707866589476,
  "K_25pctN_gap_q80": 3.616029636690747,
  "K_25pctN_gap_le_5": 0.953125,
  "K_25pctN_gap_le_10": 1.0,
  "K_25pctN_r80": 21.572288515586752,
  "K_25pctN_tight": 0.7289660649905724,
  "K_25pctN_beta_r": 0.02564102564102564
}