{
  "n_runs": 51,
  "n_hits": 2,
  "hit_rate": 0.0392156862745098,
  "tau_median": 138.0,
  "tau_mean": 138.0,
  "G2G3_rate_mean": 0.9075513754485157,
  "G2G3_rate_median": 0.944547134935305,
  "G4_rate_mean": 0.996919033581804,
  "G4_rate_median": 0.9972273567467652,
  "G5_rate_mean": 1.0,
  "G5_rate_median": 1.0,
  "Ghat_rate_mean": 0.9075513754485157,
  "Ghat_rate_median": 0.944547134935305,
  "gamma0_mean": 1.0298082023626678e-05,
  "Twit_median": 127.0,
  "Twit_mean": 132.45098039215685,
  "Twit_inf_rate": 0.0,
  "n_runs_with_at_risk": 51,
  "function": "cec2017_f22",
  "eps_in": 10.0,
  "eps_out": 400.0,
  "dim": 10,
  "r_conc": 2.0,
  "m_min": 4
}