{
  "function": "cec2017_f30",
  "func_id": 30,
  "dim": 10,
  "f_star": 3000.0,
  "n_runs": 51,
  "error_min": 394.0074138290847,
  "error_median": 394.0074138290847,
  "error_mean": 408.4910516334866,
  "error_max": 463.64210130959145,
  "eps_in": 399.0074138290847,
  "margin": 5.0,
  "eps_source": "median(final_error)+margin",
  "r_geo": 5.0,
  "K_1_success": 37,
  "K_1_tau_med": 219.0,
  "K_1_N_med": 122.0,
  "K_1_n_in_med": 1.0,
  "K_1_err_best_tau_med": 398.69137721044626,
  "K_1_depth_into_Ain_med": 0.31603661863846355,
  "K_1_gap_med": 5.622810165130431,
  "K_1_gap_q80": 8.544346259999749,
  "K_1_gap_le_5": 0.4180327868852459,
  "K_1_gap_le_10": 0.8842975206611571,
  "K_1_r80": 4.090416781434878,
  "K_1_tight": 0.7340366866204218,
  "K_1_beta_r": 0.9105691056910569,
  "K_5_success": 37,
  "K_5_tau_med": 226.0,
  "K_5_N_med": 121.0,
  "K_5_n_in_med": 6.0,
  "K_5_err_best_tau_med": 397.59011351477966,
  "K_5_depth_into_Ain_med": 1.4173003143050664,
  "K_5_gap_med": 3.255962202190858,
  "K_5_gap_q80": 5.022999365126452,
  "K_5_gap_le_5": 0.7739130434782608,
  "K_5_gap_le_10": 0.990909090909091,
  "K_5_r80": 3.449422171476155,
  "K_5_tight": 0.746204833716165,
  "K_5_beta_r": 0.975,
  "K_10pctN_success": 37,
  "K_10pctN_tau_med": 229.0,
  "K_10pctN_N_med": 120.0,
  "K_10pctN_n_in_med": 13.0,
  "K_10pctN_err_best_tau_med": 397.1256494213353,
  "K_10pctN_depth_into_Ain_med": 1.8817644077494151,
  "K_10pctN_gap_med": 2.2202670866538483,
  "K_10pctN_gap_q80": 3.9262296949760658,
  "K_10pctN_gap_le_5": 0.9158878504672897,
  "K_10pctN_gap_le_10": 1.0,
  "K_10pctN_r80": 3.046067504125853,
  "K_10pctN_tight": 0.7584656225496199,
  "K_10pctN_beta_r": 0.9918032786885246,
  "K_25pctN_success": 37,
  "K_25pctN_tau_med": 234.0,
  "K_25pctN_N_med": 119.0,
  "K_25pctN_n_in_med": 32.0,
  "K_25pctN_err_best_tau_med": 396.68293107067984,
  "K_25pctN_depth_into_Ain_med": 2.3244827584048835,
  "K_25pctN_gap_med": 1.3975096713438688,
  "K_25pctN_gap_q80": 2.5204949444432714,
  "K_25pctN_gap_le_5": 0.9883720930232558,
  "K_25pctN_gap_le_10": 1.0,
  "K_25pctN_r80": 2.598604176087799,
  "K_25pctN_tight": 0.7402146897214443,
  "K_25pctN_beta_r": 1.0
}