{
  "function": "cec2017_f8",
  "func_id": 8,
  "dim": 10,
  "f_star": 800.0,
  "n_runs": 51,
  "error_min": 0.9965607469414408,
  "error_median": 2.9851500088078637,
  "error_mean": 2.6749559718599807,
  "error_max": 4.975013715604291,
  "eps_in": 7.985150008807864,
  "margin": 5.0,
  "eps_source": "median(final_error)+margin",
  "r_geo": 5.0,
  "K_1_success": 51,
  "K_1_tau_med": 353.0,
  "K_1_N_med": 96.0,
  "K_1_n_in_med": 1.0,
  "K_1_err_best_tau_med": 7.479236234656469,
  "K_1_depth_into_Ain_med": 0.505913774151395,
  "K_1_gap_med": 13.496634364854458,
  "K_1_gap_q80": 18.829181567508634,
  "K_1_gap_le_5": 0.07142857142857142,
  "K_1_gap_le_10": 0.2857142857142857,
  "K_1_r80": 77.79544234941545,
  "K_1_tight": 0.8273337272004364,
  "K_1_beta_r": 0.010416666666666666,
  "K_5_success": 51,
  "K_5_tau_med": 461.0,
  "K_5_N_med": 80.0,
  "K_5_n_in_med": 5.0,
  "K_5_err_best_tau_med": 5.294690439134456,
  "K_5_depth_into_Ain_med": 2.6904595696734077,
  "K_5_gap_med": 6.894599777681606,
  "K_5_gap_q80": 10.568772825125984,
  "K_5_gap_le_5": 0.3287671232876712,
  "K_5_gap_le_10": 0.7532467532467533,
  "K_5_r80": 72.0223473332749,
  "K_5_tight": 0.8397611606131805,
  "K_5_beta_r": 0.012658227848101266,
  "K_10pctN_success": 51,
  "K_10pctN_tau_med": 504.0,
  "K_10pctN_N_med": 74.0,
  "K_10pctN_n_in_med": 8.0,
  "K_10pctN_err_best_tau_med": 4.646734340573062,
  "K_10pctN_depth_into_Ain_med": 3.338415668234802,
  "K_10pctN_gap_med": 5.684795384833137,
  "K_10pctN_gap_q80": 8.935702975417962,
  "K_10pctN_gap_le_5": 0.4444444444444444,
  "K_10pctN_gap_le_10": 0.8695652173913043,
  "K_10pctN_r80": 71.93612519412055,
  "K_10pctN_tight": 0.8405621432355165,
  "K_10pctN_beta_r": 0.0136986301369863,
  "K_25pctN_success": 51,
  "K_25pctN_tau_med": 598.0,
  "K_25pctN_N_med": 63.0,
  "K_25pctN_n_in_med": 16.0,
  "K_25pctN_err_best_tau_med": 3.4114190377807745,
  "K_25pctN_depth_into_Ain_med": 4.573730971027089,
  "K_25pctN_gap_med": 3.320430648871252,
  "K_25pctN_gap_q80": 5.432831416149544,
  "K_25pctN_gap_le_5": 0.725,
  "K_25pctN_gap_le_10": 1.0,
  "K_25pctN_r80": 67.6512222926718,
  "K_25pctN_tight": 0.848391644702378,
  "K_25pctN_beta_r": 0.015873015873015872
}