{
  "function": "cec2017_f7",
  "func_id": 7,
  "dim": 30,
  "f_star": 700.0,
  "n_runs": 51,
  "error_min": 34.67025052726831,
  "error_median": 37.59698870851821,
  "error_mean": 37.63062546506629,
  "error_max": 40.20675523767852,
  "eps_in": 42.59698870851821,
  "margin": 5.0,
  "eps_source": "median(final_error)+margin",
  "r_geo": 5.0,
  "K_1_success": 51,
  "K_1_tau_med": 1436.0,
  "K_1_N_med": 41.0,
  "K_1_n_in_med": 1.0,
  "K_1_gap_med": 8.199086381303175,
  "K_1_gap_q80": 11.696099453806141,
  "K_1_gap_le_5": 0.19444444444444445,
  "K_1_gap_le_10": 0.6136363636363636,
  "K_1_r80": 26.648242310177327,
  "K_1_tight": 0.9070737542897745,
  "K_1_beta_r": 0.024390243902439025,
  "K_5_success": 49,
  "K_5_tau_med": 1719.0,
  "K_5_N_med": 25.0,
  "K_5_n_in_med": 5.0,
  "K_5_gap_med": 3.3890857056555888,
  "K_5_gap_q80": 4.8174105865008645,
  "K_5_gap_le_5": 0.8333333333333334,
  "K_5_gap_le_10": 1.0,
  "K_5_r80": 25.090101567698408,
  "K_5_tight": 0.9182384529129856,
  "K_5_beta_r": 0.04,
  "K_10pctN_success": 51,
  "K_10pctN_tau_med": 1607.0,
  "K_10pctN_N_med": 30.0,
  "K_10pctN_n_in_med": 3.0,
  "K_10pctN_gap_med": 4.678275511061429,
  "K_10pctN_gap_q80": 6.515131453182676,
  "K_10pctN_gap_le_5": 0.5555555555555556,
  "K_10pctN_gap_le_10": 1.0,
  "K_10pctN_r80": 25.75031928086606,
  "K_10pctN_tight": 0.9158771649168759,
  "K_10pctN_beta_r": 0.03333333333333333,
  "K_25pctN_success": 51,
  "K_25pctN_tau_med": 1804.0,
  "K_25pctN_N_med": 21.0,
  "K_25pctN_n_in_med": 6.0,
  "K_25pctN_gap_med": 2.408045726243131,
  "K_25pctN_gap_q80": 3.5389153454372724,
  "K_25pctN_gap_le_5": 1.0,
  "K_25pctN_gap_le_10": 1.0,
  "K_25pctN_r80": 24.749211441310287,
  "K_25pctN_tight": 0.9218996145580529,
  "K_25pctN_beta_r": 0.047619047619047616
}