{
  "function": "cec2017_f7",
  "func_id": 7,
  "dim": 10,
  "f_star": 700.0,
  "n_runs": 51,
  "error_min": 10.598069322027982,
  "error_median": 12.365563133260139,
  "error_mean": 12.269438656624613,
  "error_max": 14.643115923324899,
  "eps_in": 17.36556313326014,
  "margin": 5.0,
  "eps_source": "median(final_error)+margin",
  "r_geo": 5.0,
  "K_1_success": 51,
  "K_1_tau_med": 383.0,
  "K_1_N_med": 92.0,
  "K_1_n_in_med": 1.0,
  "K_1_err_best_tau_med": 16.92081009265405,
  "K_1_depth_into_Ain_med": 0.4447530406060878,
  "K_1_gap_med": 12.917809943935424,
  "K_1_gap_q80": 18.23844695881928,
  "K_1_gap_le_5": 0.09090909090909091,
  "K_1_gap_le_10": 0.2736842105263158,
  "K_1_r80": 24.76822942201034,
  "K_1_tight": 0.8365760667107992,
  "K_1_beta_r": 0.011111111111111112,
  "K_5_success": 51,
  "K_5_tau_med": 483.0,
  "K_5_N_med": 77.0,
  "K_5_n_in_med": 5.0,
  "K_5_err_best_tau_med": 15.22829930251362,
  "K_5_depth_into_Ain_med": 2.1372638307465195,
  "K_5_gap_med": 7.085907657189296,
  "K_5_gap_q80": 10.962291261626799,
  "K_5_gap_le_5": 0.3246753246753247,
  "K_5_gap_le_10": 0.71875,
  "K_5_r80": 23.410442768301433,
  "K_5_tight": 0.8503743295848959,
  "K_5_beta_r": 0.013157894736842105,
  "K_10pctN_success": 51,
  "K_10pctN_tau_med": 513.0,
  "K_10pctN_N_med": 73.0,
  "K_10pctN_n_in_med": 8.0,
  "K_10pctN_err_best_tau_med": 14.67748725344029,
  "K_10pctN_depth_into_Ain_med": 2.6880758798198485,
  "K_10pctN_gap_med": 5.741074990980906,
  "K_10pctN_gap_q80": 9.068123763356448,
  "K_10pctN_gap_le_5": 0.42857142857142855,
  "K_10pctN_gap_le_10": 0.8611111111111112,
  "K_10pctN_r80": 22.853486506672503,
  "K_10pctN_tight": 0.8558504645702526,
  "K_10pctN_beta_r": 0.0136986301369863,
  "K_25pctN_success": 51,
  "K_25pctN_tau_med": 591.0,
  "K_25pctN_N_med": 63.0,
  "K_25pctN_n_in_med": 16.0,
  "K_25pctN_err_best_tau_med": 13.481984364734103,
  "K_25pctN_depth_into_Ain_med": 3.8835787685260357,
  "K_25pctN_gap_med": 3.235958181829858,
  "K_25pctN_gap_q80": 5.593114596878104,
  "K_25pctN_gap_le_5": 0.725,
  "K_25pctN_gap_le_10": 1.0,
  "K_25pctN_r80": 21.652428259796938,
  "K_25pctN_tight": 0.8567610897320974,
  "K_25pctN_beta_r": 0.016129032258064516
}