{
  "function": "cec2017_f23",
  "func_id": 23,
  "dim": 10,
  "f_star": 2300.0,
  "n_runs": 51,
  "error_min": 300.0190035105352,
  "error_median": 304.1139358335331,
  "error_mean": 303.8186426383908,
  "error_max": 306.2920220108431,
  "eps_in": 309.1139358335331,
  "margin": 5.0,
  "eps_source": "median(final_error)+margin",
  "r_geo": 5.0,
  "K_1_success": 51,
  "K_1_tau_med": 305.0,
  "K_1_N_med": 105.0,
  "K_1_n_in_med": 1.0,
  "K_1_err_best_tau_med": 308.6991274147558,
  "K_1_depth_into_Ain_med": 0.4148084187772838,
  "K_1_gap_med": 15.68317274309993,
  "K_1_gap_q80": 21.952079373075502,
  "K_1_gap_le_5": 0.061855670103092786,
  "K_1_gap_le_10": 0.24299065420560748,
  "K_1_r80": 65.2148573486404,
  "K_1_tight": 0.8321572735387662,
  "K_1_beta_r": 0.009615384615384616,
  "K_5_success": 51,
  "K_5_tau_med": 430.0,
  "K_5_N_med": 84.0,
  "K_5_n_in_med": 5.0,
  "K_5_err_best_tau_med": 306.8639983123012,
  "K_5_depth_into_Ain_med": 2.2499375212319137,
  "K_5_gap_med": 7.664990552208565,
  "K_5_gap_q80": 12.139966289347104,
  "K_5_gap_le_5": 0.2716049382716049,
  "K_5_gap_le_10": 0.6623376623376623,
  "K_5_r80": 60.53694443468782,
  "K_5_tight": 0.8444351779669501,
  "K_5_beta_r": 0.012048192771084338,
  "K_10pctN_success": 51,
  "K_10pctN_tau_med": 472.0,
  "K_10pctN_N_med": 78.0,
  "K_10pctN_n_in_med": 8.0,
  "K_10pctN_err_best_tau_med": 306.2506140359201,
  "K_10pctN_depth_into_Ain_med": 2.8633217976130254,
  "K_10pctN_gap_med": 5.974215551376801,
  "K_10pctN_gap_q80": 9.49525767835421,
  "K_10pctN_gap_le_5": 0.39436619718309857,
  "K_10pctN_gap_le_10": 0.8333333333333334,
  "K_10pctN_r80": 59.515517956979494,
  "K_10pctN_tight": 0.8490452526545148,
  "K_10pctN_beta_r": 0.012987012987012988,
  "K_25pctN_success": 51,
  "K_25pctN_tau_med": 601.0,
  "K_25pctN_N_med": 62.0,
  "K_25pctN_n_in_med": 16.0,
  "K_25pctN_err_best_tau_med": 305.21569989525915,
  "K_25pctN_depth_into_Ain_med": 3.898235938273956,
  "K_25pctN_gap_med": 3.3371244325167027,
  "K_25pctN_gap_q80": 5.357975664915102,
  "K_25pctN_gap_le_5": 0.7659574468085106,
  "K_25pctN_gap_le_10": 1.0,
  "K_25pctN_r80": 56.5835343676721,
  "K_25pctN_tight": 0.857383758365009,
  "K_25pctN_beta_r": 0.01639344262295082
}