{
  "function": "cec2017_f26",
  "func_id": 26,
  "dim": 10,
  "f_star": 2600.0,
  "n_runs": 51,
  "error_min": 300.0,
  "error_median": 300.0,
  "error_mean": 300.0,
  "error_max": 300.00000000000045,
  "eps_in": 305.0,
  "margin": 5.0,
  "eps_source": "median(final_error)+margin",
  "r_geo": 5.0,
  "K_1_success": 51,
  "K_1_tau_med": 75.0,
  "K_1_N_med": 157.0,
  "K_1_n_in_med": 1.0,
  "K_1_err_best_tau_med": 304.6059370566318,
  "K_1_depth_into_Ain_med": 0.3940629433682261,
  "K_1_gap_med": 6.926683465293536,
  "K_1_gap_q80": 9.942285587647167,
  "K_1_gap_le_5": 0.28662420382165604,
  "K_1_gap_le_10": 0.8129032258064516,
  "K_1_r80": 5.708827181294425,
  "K_1_tight": 0.8110167475712134,
  "K_1_beta_r": 0.6305732484076433,
  "K_5_success": 51,
  "K_5_tau_med": 79.0,
  "K_5_N_med": 156.0,
  "K_5_n_in_med": 6.0,
  "K_5_err_best_tau_med": 303.8361908472275,
  "K_5_depth_into_Ain_med": 1.163809152772501,
  "K_5_gap_med": 3.8640127493104046,
  "K_5_gap_q80": 5.906194389771736,
  "K_5_gap_le_5": 0.6754966887417219,
  "K_5_gap_le_10": 0.9865771812080537,
  "K_5_r80": 4.46063465262519,
  "K_5_tight": 0.8240654301293119,
  "K_5_beta_r": 0.9166666666666666,
  "K_10pctN_success": 51,
  "K_10pctN_tau_med": 81.0,
  "K_10pctN_N_med": 156.0,
  "K_10pctN_n_in_med": 19.0,
  "K_10pctN_err_best_tau_med": 303.15358143382673,
  "K_10pctN_depth_into_Ain_med": 1.84641856617327,
  "K_10pctN_gap_med": 2.302842170108306,
  "K_10pctN_gap_q80": 3.779267305895428,
  "K_10pctN_gap_le_5": 0.920863309352518,
  "K_10pctN_gap_le_10": 1.0,
  "K_10pctN_r80": 3.63242563129872,
  "K_10pctN_tight": 0.8224054144700146,
  "K_10pctN_beta_r": 0.9935483870967742,
  "K_25pctN_success": 51,
  "K_25pctN_tau_med": 83.0,
  "K_25pctN_N_med": 155.0,
  "K_25pctN_n_in_med": 47.0,
  "K_25pctN_err_best_tau_med": 302.5179487265236,
  "K_25pctN_depth_into_Ain_med": 2.4820512734763724,
  "K_25pctN_gap_med": 1.315319311967869,
  "K_25pctN_gap_q80": 2.475150735292573,
  "K_25pctN_gap_le_5": 0.9903846153846154,
  "K_25pctN_gap_le_10": 1.0,
  "K_25pctN_r80": 3.03019969289786,
  "K_25pctN_tight": 0.8331791381663151,
  "K_25pctN_beta_r": 1.0
}