{
  "function": "cec2017_f24",
  "func_id": 24,
  "dim": 30,
  "f_star": 2400.0,
  "n_runs": 51,
  "error_min": 424.8325634131652,
  "error_median": 427.95956225755845,
  "error_mean": 427.90628354461734,
  "error_max": 430.94596472857256,
  "eps_in": 432.95956225755845,
  "margin": 5.0,
  "eps_source": "median(final_error)+margin",
  "r_geo": 5.0,
  "K_1_success": 51,
  "K_1_tau_med": 1263.0,
  "K_1_N_med": 56.0,
  "K_1_n_in_med": 1.0,
  "K_1_gap_med": 11.986133764527722,
  "K_1_gap_q80": 15.366295446108419,
  "K_1_gap_le_5": 0.11538461538461539,
  "K_1_gap_le_10": 0.3877551020408163,
  "K_1_r80": 73.87097882535483,
  "K_1_tight": 0.8977445252382092,
  "K_1_beta_r": 0.017857142857142856,
  "K_5_success": 50,
  "K_5_tau_med": 1549.5,
  "K_5_N_med": 33.5,
  "K_5_n_in_med": 5.0,
  "K_5_gap_med": 5.18070665138805,
  "K_5_gap_q80": 6.753892661760301,
  "K_5_gap_le_5": 0.46600877192982454,
  "K_5_gap_le_10": 1.0,
  "K_5_r80": 68.87864345398276,
  "K_5_tight": 0.9095220510974633,
  "K_5_beta_r": 0.029857397504456328,
  "K_10pctN_success": 51,
  "K_10pctN_tau_med": 1485.0,
  "K_10pctN_N_med": 38.0,
  "K_10pctN_n_in_med": 4.0,
  "K_10pctN_gap_med": 6.086519040537269,
  "K_10pctN_gap_q80": 8.161425338928984,
  "K_10pctN_gap_le_5": 0.4074074074074074,
  "K_10pctN_gap_le_10": 0.9714285714285714,
  "K_10pctN_r80": 69.86626361659643,
  "K_10pctN_tight": 0.9147255084368836,
  "K_10pctN_beta_r": 0.02631578947368421,
  "K_25pctN_success": 51,
  "K_25pctN_tau_med": 1729.0,
  "K_25pctN_N_med": 24.0,
  "K_25pctN_n_in_med": 6.0,
  "K_25pctN_gap_med": 3.1006882991639486,
  "K_25pctN_gap_q80": 4.563512780814927,
  "K_25pctN_gap_le_5": 0.8888888888888888,
  "K_25pctN_gap_le_10": 1.0,
  "K_25pctN_r80": 66.62418938867275,
  "K_25pctN_tight": 0.9172416645165495,
  "K_25pctN_beta_r": 0.041666666666666664
}