eps,beta1_r0.5,beta1_r1.0,beta1_r2.0,beta1_r5.0,beta1_r10.0,beta1_r20.0
0.01,,,,,,
1.0,,,,,,
10.0,,,,,,
100.0,,,,,,
400.0,0.00641025641025641,0.00641025641025641,0.00641025641025641,0.07168025131601291,0.6571722302854378,0.9935897435897436
