{
  "function": "cec2017_f2",
  "func_id": 2,
  "dim": 30,
  "f_star": 200.0,
  "n_runs": 51,
  "error_min": 0.0,
  "error_median": 0.0,
  "error_mean": 7.802037882856003e-15,
  "error_max": 2.842170943040401e-14,
  "eps_in": 5.0,
  "margin": 5.0,
  "eps_source": "median(final_error)+margin",
  "r_geo": 5.0,
  "K_1_success": 51,
  "K_1_tau_med": 257.0,
  "K_1_N_med": 340.0,
  "K_1_n_in_med": 1.0,
  "K_1_gap_med": 13.190885635372965,
  "K_1_gap_q80": 18.468051598295347,
  "K_1_gap_le_5": 0.06876790830945559,
  "K_1_gap_le_10": 0.2949438202247191,
  "K_1_r80": 13.828717904381284,
  "K_1_tight": 0.714781239019545,
  "K_1_beta_r": 0.1437125748502994,
  "K_5_success": 51,
  "K_5_tau_med": 259.0,
  "K_5_N_med": 339.0,
  "K_5_n_in_med": 9.0,
  "K_5_gap_med": 10.265783670649128,
  "K_5_gap_q80": 15.553505588602206,
  "K_5_gap_le_5": 0.1609907120743034,
  "K_5_gap_le_10": 0.48297213622291024,
  "K_5_r80": 12.583272801853344,
  "K_5_tight": 0.6858308591514419,
  "K_5_beta_r": 0.2536873156342183,
  "K_10pctN_success": 51,
  "K_10pctN_tau_med": 261.0,
  "K_10pctN_N_med": 338.0,
  "K_10pctN_n_in_med": 46.0,
  "K_10pctN_gap_med": 6.043288950049444,
  "K_10pctN_gap_q80": 10.909723248732695,
  "K_10pctN_gap_le_5": 0.4070175438596491,
  "K_10pctN_gap_le_10": 0.7508090614886731,
  "K_10pctN_r80": 8.634868265801693,
  "K_10pctN_tight": 0.56007623852153,
  "K_10pctN_beta_r": 0.504424778761062,
  "K_25pctN_success": 51,
  "K_25pctN_tau_med": 262.0,
  "K_25pctN_N_med": 337.0,
  "K_25pctN_n_in_med": 100.0,
  "K_25pctN_gap_med": 3.9876453299706895,
  "K_25pctN_gap_q80": 8.079173126311048,
  "K_25pctN_gap_le_5": 0.5983935742971888,
  "K_25pctN_gap_le_10": 0.8760683760683761,
  "K_25pctN_r80": 6.304661340466314,
  "K_25pctN_tight": 0.5566139283758351,
  "K_25pctN_beta_r": 0.6852367688022284
}