{
  "function": "cec2017_f19",
  "func_id": 19,
  "dim": 30,
  "f_star": 1900.0,
  "n_runs": 51,
  "error_min": 3.0395718412332826,
  "error_median": 6.437123922530191,
  "error_mean": 6.906032181014062,
  "error_max": 12.942276210078035,
  "eps_in": 11.43712392253019,
  "margin": 5.0,
  "eps_source": "median(final_error)+margin",
  "r_geo": 5.0,
  "K_1_success": 50,
  "K_1_tau_med": 1046.5,
  "K_1_N_med": 83.0,
  "K_1_n_in_med": 1.0,
  "K_1_gap_med": 2.50086129601425,
  "K_1_gap_q80": 3.5207822789468084,
  "K_1_gap_le_5": 0.9659154929577465,
  "K_1_gap_le_10": 1.0,
  "K_1_r80": 38.383814712424055,
  "K_1_tight": 0.697059564082141,
  "K_1_beta_r": 0.012195121951219513,
  "K_5_success": 50,
  "K_5_tau_med": 1074.5,
  "K_5_N_med": 79.0,
  "K_5_n_in_med": 5.0,
  "K_5_gap_med": 1.529553677465401,
  "K_5_gap_q80": 2.57344354990787,
  "K_5_gap_le_5": 1.0,
  "K_5_gap_le_10": 1.0,
  "K_5_r80": 32.30934835009418,
  "K_5_tight": 0.7101795164029616,
  "K_5_beta_r": 0.01324561403508772,
  "K_10pctN_success": 50,
  "K_10pctN_tau_med": 1087.5,
  "K_10pctN_N_med": 77.0,
  "K_10pctN_n_in_med": 8.5,
  "K_10pctN_gap_med": 1.2456670722044692,
  "K_10pctN_gap_q80": 2.1307806684941855,
  "K_10pctN_gap_le_5": 1.0,
  "K_10pctN_gap_le_10": 1.0,
  "K_10pctN_r80": 28.079491194199278,
  "K_10pctN_tight": 0.7124445137153873,
  "K_10pctN_beta_r": 0.013793759512937594,
  "K_25pctN_success": 50,
  "K_25pctN_tau_med": 1118.5,
  "K_25pctN_N_med": 73.0,
  "K_25pctN_n_in_med": 20.0,
  "K_25pctN_gap_med": 0.9174731553953279,
  "K_25pctN_gap_q80": 1.5299688930517052,
  "K_25pctN_gap_le_5": 1.0,
  "K_25pctN_gap_le_10": 1.0,
  "K_25pctN_r80": 22.811207692125933,
  "K_25pctN_tight": 0.7206540197837372,
  "K_25pctN_beta_r": 0.014285714285714285
}