{
  "function": "cec2017_f22",
  "func_id": 22,
  "dim": 30,
  "f_star": 2200.0,
  "n_runs": 51,
  "error_min": 100.00000000000045,
  "error_median": 100.00000000000045,
  "error_mean": 100.00000000000043,
  "error_max": 100.00000000000091,
  "eps_in": 105.00000000000045,
  "margin": 5.0,
  "eps_source": "median(final_error)+margin",
  "r_geo": 5.0,
  "K_1_success": 51,
  "K_1_tau_med": 113.0,
  "K_1_N_med": 440.0,
  "K_1_n_in_med": 1.0,
  "K_1_gap_med": 5.397738817775462,
  "K_1_gap_q80": 7.767843806279507,
  "K_1_gap_le_5": 0.4411764705882353,
  "K_1_gap_le_10": 0.9682539682539683,
  "K_1_r80": 1.9749669216833066,
  "K_1_tight": 0.8623751953983801,
  "K_1_beta_r": 1.0,
  "K_5_success": 51,
  "K_5_tau_med": 116.0,
  "K_5_N_med": 438.0,
  "K_5_n_in_med": 6.0,
  "K_5_gap_med": 3.7516133065510076,
  "K_5_gap_q80": 6.31705319378516,
  "K_5_gap_le_5": 0.6682242990654206,
  "K_5_gap_le_10": 0.993006993006993,
  "K_5_r80": 1.8162730992141622,
  "K_5_tight": 0.8492558981340692,
  "K_5_beta_r": 1.0,
  "K_10pctN_success": 51,
  "K_10pctN_tau_med": 121.0,
  "K_10pctN_N_med": 434.0,
  "K_10pctN_n_in_med": 53.0,
  "K_10pctN_gap_med": 1.962033900530514,
  "K_10pctN_gap_q80": 4.208763539322628,
  "K_10pctN_gap_le_5": 0.8469656992084432,
  "K_10pctN_gap_le_10": 1.0,
  "K_10pctN_r80": 1.5485974997390688,
  "K_10pctN_tight": 0.8430648980504305,
  "K_10pctN_beta_r": 1.0,
  "K_25pctN_success": 51,
  "K_25pctN_tau_med": 123.0,
  "K_25pctN_N_med": 433.0,
  "K_25pctN_n_in_med": 127.0,
  "K_25pctN_gap_med": 1.3397316701607451,
  "K_25pctN_gap_q80": 3.3097550652889374,
  "K_25pctN_gap_le_5": 0.872852233676976,
  "K_25pctN_gap_le_10": 1.0,
  "K_25pctN_r80": 1.387217694067108,
  "K_25pctN_tight": 0.8427659818804106,
  "K_25pctN_beta_r": 1.0
}