{
  "function": "cec2017_f15",
  "func_id": 15,
  "dim": 30,
  "f_star": 1500.0,
  "n_runs": 51,
  "error_min": 1.2075248467995152,
  "error_median": 3.257352228011996,
  "error_mean": 3.2575595854061303,
  "error_max": 7.5957468662841165,
  "eps_in": 8.257352228011996,
  "margin": 5.0,
  "eps_source": "median(final_error)+margin",
  "r_geo": 5.0,
  "K_1_success": 51,
  "K_1_tau_med": 811.0,
  "K_1_N_med": 126.0,
  "K_1_n_in_med": 1.0,
  "K_1_gap_med": 0.3446704707155277,
  "K_1_gap_q80": 0.4962607810666668,
  "K_1_gap_le_5": 1.0,
  "K_1_gap_le_10": 1.0,
  "K_1_r80": 4.8476670600102825,
  "K_1_tight": 0.7585525821075337,
  "K_1_beta_r": 0.8389830508474576,
  "K_5_success": 51,
  "K_5_tau_med": 815.0,
  "K_5_N_med": 126.0,
  "K_5_n_in_med": 6.0,
  "K_5_gap_med": 0.24784220932792778,
  "K_5_gap_q80": 0.36757619528298163,
  "K_5_gap_le_5": 1.0,
  "K_5_gap_le_10": 1.0,
  "K_5_r80": 4.151513477139687,
  "K_5_tight": 0.7462586282064714,
  "K_5_beta_r": 0.93,
  "K_10pctN_success": 51,
  "K_10pctN_tau_med": 817.0,
  "K_10pctN_N_med": 125.0,
  "K_10pctN_n_in_med": 15.0,
  "K_10pctN_gap_med": 0.18200380099085578,
  "K_10pctN_gap_q80": 0.27164636431857625,
  "K_10pctN_gap_le_5": 1.0,
  "K_10pctN_gap_le_10": 1.0,
  "K_10pctN_r80": 3.6317856214185475,
  "K_10pctN_tight": 0.7475024020877699,
  "K_10pctN_beta_r": 0.9545454545454546,
  "K_25pctN_success": 51,
  "K_25pctN_tau_med": 821.0,
  "K_25pctN_N_med": 124.0,
  "K_25pctN_n_in_med": 36.0,
  "K_25pctN_gap_med": 0.11221375975503634,
  "K_25pctN_gap_q80": 0.22363719860718448,
  "K_25pctN_gap_le_5": 1.0,
  "K_25pctN_gap_le_10": 1.0,
  "K_25pctN_r80": 4.073862422541183,
  "K_25pctN_tight": 0.7470625346372175,
  "K_25pctN_beta_r": 0.9487179487179487
}