{
  "function": "cec2017_f6",
  "func_id": 6,
  "dim": 10,
  "f_star": 600.0,
  "n_runs": 51,
  "error_min": 0.0,
  "error_median": 1.1368683772161603e-13,
  "error_mean": 2.7865241338754547e-08,
  "error_max": 1.4211235566108371e-06,
  "eps_in": 5.000000000000114,
  "margin": 5.0,
  "eps_source": "median(final_error)+margin",
  "r_geo": 5.0,
  "K_1_success": 51,
  "K_1_tau_med": 73.0,
  "K_1_N_med": 158.0,
  "K_1_n_in_med": 1.0,
  "K_1_err_best_tau_med": 4.631539179721699,
  "K_1_depth_into_Ain_med": 0.36846082027841476,
  "K_1_gap_med": 6.377446252390996,
  "K_1_gap_q80": 8.97691905454276,
  "K_1_gap_le_5": 0.31645569620253167,
  "K_1_gap_le_10": 0.8717948717948718,
  "K_1_r80": 25.530187339334166,
  "K_1_tight": 0.757204711163875,
  "K_1_beta_r": 0.006329113924050633,
  "K_5_success": 51,
  "K_5_tau_med": 80.0,
  "K_5_N_med": 156.0,
  "K_5_n_in_med": 6.0,
  "K_5_err_best_tau_med": 3.8141629441021223,
  "K_5_depth_into_Ain_med": 1.1858370558979914,
  "K_5_gap_med": 3.8304167921707517,
  "K_5_gap_q80": 5.730999288464432,
  "K_5_gap_le_5": 0.7066666666666667,
  "K_5_gap_le_10": 1.0,
  "K_5_r80": 19.631281923792237,
  "K_5_tight": 0.7524885636512464,
  "K_5_beta_r": 0.00641025641025641,
  "K_10pctN_success": 51,
  "K_10pctN_tau_med": 86.0,
  "K_10pctN_N_med": 154.0,
  "K_10pctN_n_in_med": 17.0,
  "K_10pctN_err_best_tau_med": 3.0566778659158444,
  "K_10pctN_depth_into_Ain_med": 1.9433221340842692,
  "K_10pctN_gap_med": 2.245116470281289,
  "K_10pctN_gap_q80": 3.652955074571469,
  "K_10pctN_gap_le_5": 0.9338235294117647,
  "K_10pctN_gap_le_10": 1.0,
  "K_10pctN_r80": 16.038656657444943,
  "K_10pctN_tight": 0.7515193208466558,
  "K_10pctN_beta_r": 0.006535947712418301,
  "K_25pctN_success": 51,
  "K_25pctN_tau_med": 90.0,
  "K_25pctN_N_med": 153.0,
  "K_25pctN_n_in_med": 42.0,
  "K_25pctN_err_best_tau_med": 2.60951527790246,
  "K_25pctN_depth_into_Ain_med": 2.3904847220976535,
  "K_25pctN_gap_med": 1.3741078515418508,
  "K_25pctN_gap_q80": 2.5242163237163595,
  "K_25pctN_gap_le_5": 0.9910714285714286,
  "K_25pctN_gap_le_10": 1.0,
  "K_25pctN_r80": 13.590713457931408,
  "K_25pctN_tight": 0.7483037167469548,
  "K_25pctN_beta_r": 0.025974025974025976
}