{
  "function": "cec2017_f12",
  "func_id": 12,
  "dim": 30,
  "f_star": 1200.0,
  "n_runs": 51,
  "error_min": 462.64922941434816,
  "error_median": 958.524325352827,
  "error_mean": 1000.0414236432184,
  "error_max": 1980.8831774250548,
  "eps_in": 963.524325352827,
  "margin": 5.0,
  "eps_source": "median(final_error)+margin",
  "r_geo": 5.0,
  "K_1_success": 26,
  "K_1_tau_med": 278.0,
  "K_1_N_med": 328.0,
  "K_1_n_in_med": 1.0,
  "K_1_gap_med": 84.30835083130069,
  "K_1_gap_q80": 118.21430395105307,
  "K_1_gap_le_5": 0.005822428639229778,
  "K_1_gap_le_10": 0.01047749446882594,
  "K_1_r80": 4.2217008796305056,
  "K_1_tight": 0.7723914662023201,
  "K_1_beta_r": 0.9042194326162694,
  "K_5_success": 26,
  "K_5_tau_med": 280.0,
  "K_5_N_med": 326.5,
  "K_5_n_in_med": 7.0,
  "K_5_gap_med": 66.1364313747631,
  "K_5_gap_q80": 99.70708643909438,
  "K_5_gap_le_5": 0.012391502421713902,
  "K_5_gap_le_10": 0.025396825396825397,
  "K_5_r80": 4.520990106724563,
  "K_5_tight": 0.7642749689928928,
  "K_5_beta_r": 0.8598777928764895,
  "K_10pctN_success": 26,
  "K_10pctN_tau_med": 282.0,
  "K_10pctN_N_med": 325.5,
  "K_10pctN_n_in_med": 43.0,
  "K_10pctN_gap_med": 35.65649601398195,
  "K_10pctN_gap_q80": 64.76774926826724,
  "K_10pctN_gap_le_5": 0.045603517186251,
  "K_10pctN_gap_le_10": 0.1003075402273601,
  "K_10pctN_r80": 4.053081167911166,
  "K_10pctN_tight": 0.7455401799334953,
  "K_10pctN_beta_r": 0.9311011904761904,
  "K_25pctN_success": 26,
  "K_25pctN_tau_med": 283.5,
  "K_25pctN_N_med": 325.0,
  "K_25pctN_n_in_med": 104.0,
  "K_25pctN_gap_med": 27.758851352956526,
  "K_25pctN_gap_q80": 53.56640518976779,
  "K_25pctN_gap_le_5": 0.08607982955780687,
  "K_25pctN_gap_le_10": 0.1623375302564937,
  "K_25pctN_r80": 3.807680963572083,
  "K_25pctN_tight": 0.7559367205408755,
  "K_25pctN_beta_r": 0.9442961211335291
}