{
  "function": "cec2017_f11",
  "func_id": 11,
  "dim": 30,
  "f_star": 1100.0,
  "n_runs": 51,
  "error_min": 1.9899181141868212,
  "error_median": 9.295988184146836,
  "error_mean": 31.76169063988602,
  "error_max": 66.41673113139586,
  "eps_in": 14.295988184146836,
  "margin": 5.0,
  "eps_source": "median(final_error)+margin",
  "r_geo": 5.0,
  "K_1_success": 28,
  "K_1_tau_med": 597.5,
  "K_1_N_med": 185.0,
  "K_1_n_in_med": 1.0,
  "K_1_gap_med": 8.698067479126394,
  "K_1_gap_q80": 13.153239919766818,
  "K_1_gap_le_5": 0.2453223972713984,
  "K_1_gap_le_10": 0.5724631751227496,
  "K_1_r80": 34.56797034841624,
  "K_1_tight": 0.7756848858855891,
  "K_1_beta_r": 0.019960278053624627,
  "K_5_success": 26,
  "K_5_tau_med": 619.0,
  "K_5_N_med": 178.5,
  "K_5_n_in_med": 5.0,
  "K_5_gap_med": 5.563564463931243,
  "K_5_gap_q80": 10.053380054456216,
  "K_5_gap_le_5": 0.4222222222222222,
  "K_5_gap_le_10": 0.7846930995043843,
  "K_5_r80": 29.05344709537436,
  "K_5_tight": 0.7821808522184489,
  "K_5_beta_r": 0.0261615284411637,
  "K_10pctN_success": 28,
  "K_10pctN_tau_med": 646.5,
  "K_10pctN_N_med": 170.0,
  "K_10pctN_n_in_med": 17.5,
  "K_10pctN_gap_med": 3.827512832482114,
  "K_10pctN_gap_q80": 7.070564506304345,
  "K_10pctN_gap_le_5": 0.6209183673469387,
  "K_10pctN_gap_le_10": 0.8960254206386414,
  "K_10pctN_r80": 28.180131513121168,
  "K_10pctN_tight": 0.7739865191835826,
  "K_10pctN_beta_r": 0.060805860805860805,
  "K_25pctN_success": 28,
  "K_25pctN_tau_med": 678.0,
  "K_25pctN_N_med": 160.5,
  "K_25pctN_n_in_med": 41.0,
  "K_25pctN_gap_med": 2.3557967364079673,
  "K_25pctN_gap_q80": 4.777504241295947,
  "K_25pctN_gap_le_5": 0.8138353309015112,
  "K_25pctN_gap_le_10": 1.0,
  "K_25pctN_r80": 27.900057045201777,
  "K_25pctN_tight": 0.7858031202419485,
  "K_25pctN_beta_r": 0.09123931623931625
}