{
  "function": "cec2017_f23",
  "func_id": 23,
  "dim": 30,
  "f_star": 2300.0,
  "n_runs": 51,
  "error_min": 349.27716091795355,
  "error_median": 353.05415660921835,
  "error_mean": 353.36337757230615,
  "error_max": 361.47145438364305,
  "eps_in": 358.05415660921835,
  "margin": 5.0,
  "eps_source": "median(final_error)+margin",
  "r_geo": 5.0,
  "K_1_success": 46,
  "K_1_tau_med": 1373.0,
  "K_1_N_med": 46.0,
  "K_1_n_in_med": 1.0,
  "K_1_gap_med": 11.721193844087907,
  "K_1_gap_q80": 14.80817533700597,
  "K_1_gap_le_5": 0.0912442396313364,
  "K_1_gap_le_10": 0.37286265857694434,
  "K_1_r80": 71.75298358424241,
  "K_1_tight": 0.8788246868811651,
  "K_1_beta_r": 0.021749408983451537,
  "K_5_success": 31,
  "K_5_tau_med": 1715.0,
  "K_5_N_med": 25.0,
  "K_5_n_in_med": 5.0,
  "K_5_gap_med": 4.464834118560248,
  "K_5_gap_q80": 6.108343483651061,
  "K_5_gap_le_5": 0.55,
  "K_5_gap_le_10": 1.0,
  "K_5_r80": 66.22622213747235,
  "K_5_tight": 0.8930427280745917,
  "K_5_beta_r": 0.04,
  "K_10pctN_success": 46,
  "K_10pctN_tau_med": 1612.0,
  "K_10pctN_N_med": 30.0,
  "K_10pctN_n_in_med": 3.0,
  "K_10pctN_gap_med": 6.118883281693343,
  "K_10pctN_gap_q80": 8.205209030538619,
  "K_10pctN_gap_le_5": 0.37797619047619047,
  "K_10pctN_gap_le_10": 1.0,
  "K_10pctN_r80": 67.16759035448815,
  "K_10pctN_tight": 0.88215677459183,
  "K_10pctN_beta_r": 0.03333333333333333,
  "K_25pctN_success": 46,
  "K_25pctN_tau_med": 1950.0,
  "K_25pctN_N_med": 16.0,
  "K_25pctN_n_in_med": 4.0,
  "K_25pctN_gap_med": 3.4095954322499438,
  "K_25pctN_gap_q80": 4.764466246718348,
  "K_25pctN_gap_le_5": 0.8452380952380952,
  "K_25pctN_gap_le_10": 1.0,
  "K_25pctN_r80": 65.2255477135744,
  "K_25pctN_tight": 0.893569897528247,
  "K_25pctN_beta_r": 0.0625
}