{
  "function": "cec2017_f2",
  "func_id": 2,
  "dim": 10,
  "f_star": 200.0,
  "n_runs": 51,
  "error_min": 0.0,
  "error_median": 0.0,
  "error_mean": 0.0,
  "error_max": 0.0,
  "eps_in": 5.0,
  "margin": 5.0,
  "eps_source": "median(final_error)+margin",
  "r_geo": 5.0,
  "K_1_success": 51,
  "K_1_tau_med": 109.0,
  "K_1_N_med": 148.0,
  "K_1_n_in_med": 1.0,
  "K_1_err_best_tau_med": 3.706730251185661,
  "K_1_depth_into_Ain_med": 1.293269748814339,
  "K_1_gap_med": 45.414548462475054,
  "K_1_gap_q80": 79.33144540940133,
  "K_1_gap_le_5": 0.02040816326530612,
  "K_1_gap_le_10": 0.047619047619047616,
  "K_1_r80": 35.941464574440204,
  "K_1_tight": 0.5440741125345308,
  "K_1_beta_r": 0.08,
  "K_5_success": 51,
  "K_5_tau_med": 114.0,
  "K_5_N_med": 147.0,
  "K_5_n_in_med": 6.0,
  "K_5_err_best_tau_med": 1.5134359187383097,
  "K_5_depth_into_Ain_med": 3.4865640812616903,
  "K_5_gap_med": 16.904874695119133,
  "K_5_gap_q80": 33.09637460871525,
  "K_5_gap_le_5": 0.12056737588652482,
  "K_5_gap_le_10": 0.2916666666666667,
  "K_5_r80": 16.490385522901633,
  "K_5_tight": 0.5163530764103779,
  "K_5_beta_r": 0.24324324324324326,
  "K_10pctN_success": 51,
  "K_10pctN_tau_med": 117.0,
  "K_10pctN_N_med": 146.0,
  "K_10pctN_n_in_med": 17.0,
  "K_10pctN_err_best_tau_med": 1.1238091854824006,
  "K_10pctN_depth_into_Ain_med": 3.8761908145175994,
  "K_10pctN_gap_med": 8.472475610906244,
  "K_10pctN_gap_q80": 16.884226628816645,
  "K_10pctN_gap_le_5": 0.2903225806451613,
  "K_10pctN_gap_le_10": 0.5714285714285714,
  "K_10pctN_r80": 10.947968183852502,
  "K_10pctN_tight": 0.5262303207745999,
  "K_10pctN_beta_r": 0.42,
  "K_25pctN_success": 51,
  "K_25pctN_tau_med": 120.0,
  "K_25pctN_N_med": 145.0,
  "K_25pctN_n_in_med": 41.0,
  "K_25pctN_err_best_tau_med": 0.6218090493303521,
  "K_25pctN_depth_into_Ain_med": 4.378190950669648,
  "K_25pctN_gap_med": 4.564373306210058,
  "K_25pctN_gap_q80": 9.70897138681645,
  "K_25pctN_gap_le_5": 0.5428571428571428,
  "K_25pctN_gap_le_10": 0.8076923076923077,
  "K_25pctN_r80": 7.405116818902969,
  "K_25pctN_tight": 0.5352078515986155,
  "K_25pctN_beta_r": 0.6206896551724138
}