{
  "function": "cec2017_f10",
  "func_id": 10,
  "dim": 30,
  "f_star": 1000.0,
  "n_runs": 51,
  "error_min": 1091.6470135213876,
  "error_median": 1417.1537988422988,
  "error_mean": 1457.590101763222,
  "error_max": 1808.699265814852,
  "eps_in": 1422.1537988422988,
  "margin": 5.0,
  "eps_source": "median(final_error)+margin",
  "r_geo": 5.0,
  "K_1_success": 26,
  "K_1_tau_med": 2018.0,
  "K_1_N_med": 15.0,
  "K_1_n_in_med": 1.0,
  "K_1_gap_med": 666.1983425565145,
  "K_1_gap_q80": 775.3004363666018,
  "K_1_gap_le_5": 0.0,
  "K_1_gap_le_10": 0.0,
  "K_1_r80": 365.6849352294409,
  "K_1_tight": 0.9131337617687475,
  "K_1_beta_r": 0.06666666666666667,
  "K_5_success": 0,
  "K_5_tau_med": NaN,
  "K_5_N_med": NaN,
  "K_5_n_in_med": NaN,
  "K_5_gap_med": NaN,
  "K_5_gap_q80": NaN,
  "K_5_gap_le_5": NaN,
  "K_5_gap_le_10": NaN,
  "K_5_r80": NaN,
  "K_5_tight": NaN,
  "K_5_beta_r": NaN,
  "K_10pctN_success": 26,
  "K_10pctN_tau_med": 2203.0,
  "K_10pctN_N_med": 10.0,
  "K_10pctN_n_in_med": 1.0,
  "K_10pctN_gap_med": 497.97186718027933,
  "K_10pctN_gap_q80": 594.696916842501,
  "K_10pctN_gap_le_5": 0.0,
  "K_10pctN_gap_le_10": 0.0,
  "K_10pctN_r80": 365.6645116371772,
  "K_10pctN_tight": 0.9168841401247603,
  "K_10pctN_beta_r": 0.1,
  "K_25pctN_success": 26,
  "K_25pctN_tau_med": 2675.0,
  "K_25pctN_N_med": 4.0,
  "K_25pctN_n_in_med": 1.0,
  "K_25pctN_gap_med": 259.1810754466087,
  "K_25pctN_gap_q80": 319.90259324326234,
  "K_25pctN_gap_le_5": 0.0,
  "K_25pctN_gap_le_10": 0.0,
  "K_25pctN_r80": 340.28652621041897,
  "K_25pctN_tight": 0.9056334375775106,
  "K_25pctN_beta_r": 0.25
}