{
  "function": "cec2017_f22",
  "func_id": 22,
  "dim": 10,
  "f_star": 2200.0,
  "n_runs": 51,
  "error_min": 0.0,
  "error_median": 100.00000000000045,
  "error_mean": 96.0784313725493,
  "error_max": 100.00000000000045,
  "eps_in": 105.00000000000045,
  "margin": 5.0,
  "eps_source": "median(final_error)+margin",
  "r_geo": 5.0,
  "K_1_success": 51,
  "K_1_tau_med": 84.0,
  "K_1_N_med": 155.0,
  "K_1_n_in_med": 1.0,
  "K_1_err_best_tau_med": 104.27379356318443,
  "K_1_depth_into_Ain_med": 0.7262064368160281,
  "K_1_gap_med": 5.171322150729111,
  "K_1_gap_q80": 5.82659576787737,
  "K_1_gap_le_5": 0.4258064516129032,
  "K_1_gap_le_10": 1.0,
  "K_1_r80": 3.754773780590378,
  "K_1_tight": 0.7980455492003936,
  "K_1_beta_r": 0.9743589743589743,
  "K_5_success": 51,
  "K_5_tau_med": 96.0,
  "K_5_N_med": 152.0,
  "K_5_n_in_med": 5.0,
  "K_5_err_best_tau_med": 103.30320827970672,
  "K_5_depth_into_Ain_med": 1.6967917202937315,
  "K_5_gap_med": 3.7582854020142804,
  "K_5_gap_q80": 4.843125528226574,
  "K_5_gap_le_5": 0.8513513513513513,
  "K_5_gap_le_10": 1.0,
  "K_5_r80": 3.2465370669816305,
  "K_5_tight": 0.7844960272253292,
  "K_5_beta_r": 0.9869281045751634,
  "K_10pctN_success": 51,
  "K_10pctN_tau_med": 109.0,
  "K_10pctN_N_med": 148.0,
  "K_10pctN_n_in_med": 15.0,
  "K_10pctN_err_best_tau_med": 102.52161566677069,
  "K_10pctN_depth_into_Ain_med": 2.4783843332297693,
  "K_10pctN_gap_med": 2.680696629006434,
  "K_10pctN_gap_q80": 3.933709866005029,
  "K_10pctN_gap_le_5": 0.9849624060150376,
  "K_10pctN_gap_le_10": 1.0,
  "K_10pctN_r80": 2.860415948568691,
  "K_10pctN_tight": 0.7843036119931761,
  "K_10pctN_beta_r": 1.0,
  "K_25pctN_success": 51,
  "K_25pctN_tau_med": 124.0,
  "K_25pctN_N_med": 144.0,
  "K_25pctN_n_in_med": 38.0,
  "K_25pctN_err_best_tau_med": 101.99235185003954,
  "K_25pctN_depth_into_Ain_med": 3.0076481499609145,
  "K_25pctN_gap_med": 1.744303723025041,
  "K_25pctN_gap_q80": 2.8177007926246014,
  "K_25pctN_gap_le_5": 1.0,
  "K_25pctN_gap_le_10": 1.0,
  "K_25pctN_r80": 2.5878120477797224,
  "K_25pctN_tight": 0.7678280622732978,
  "K_25pctN_beta_r": 1.0
}