function,eps,f_star,n_hits,hit_rate,tau_first,tau_median,tau_max,p_hat,clustering,l2_rate,l3_rate,gamma,F_minus,F_plus,Delta_F,F_mean,n_success_F,g2g3_r0.5,beta1_r0.5,g2g3_r1.0,beta1_r1.0,g2g3_r2.0,beta1_r2.0,g2g3_r5.0,beta1_r5.0,g2g3_r10.0,beta1_r10.0,g2g3_r20.0,beta1_r20.0,N_tau_median,N_tau_min,N_tau_max
cec2017_f8,0.01,800.0,0,0.0,,,,,,0.5032256895364431,0.11685875829074699,0.07752527998260303,0.0057142068538454755,0.9194265082015154,0.9137123013476699,0.33085923764319436,267135.0,0.0,,0.0,,0.0,,0.0,,0.0,,0.0,,,,
cec2017_f8,1.0,800.0,1,0.0196078431372549,1842.0,1842.0,1842.0,1.0644865981137297e-05,0.0,0.5030170298613257,0.1172007051852929,0.07775213100452555,0.005717105299800754,0.9194596691864054,0.9137425638866047,0.33088034532610366,267081.0,0.0,0.14285714285714285,0.0,0.14285714285714285,0.0,0.14285714285714285,0.0,0.14285714285714285,0.0,0.14285714285714285,0.0,0.14285714285714285,7.0,7.0,7.0
cec2017_f8,10.0,800.0,51,1.0,214.0,289.0,447.0,0.0032805866460825935,1.4821539039124585,0.7023028431750933,0.6350186543162228,0.42949954972340154,0.012782880579017164,1.0,0.9872171194209829,0.4573095651169918,133239.0,0.0,0.009259259259259259,0.0,0.009259259259259259,0.0,0.009259259259259259,0.0,0.009345794392523364,0.0,0.009345794392523364,0.0,0.009615384615384616,108.0,82.0,123.0
cec2017_f8,100.0,800.0,51,1.0,0.0,2.0,5.0,0.4473684210526316,2.9999999999999996,1.0,1.0,1.0,0.22232772026168132,1.0,0.7776722797383187,0.5346239102200046,11987.0,0.0,0.00558659217877095,0.0,0.00558659217877095,0.0,0.00558659217877095,0.0,0.00558659217877095,0.0,0.00558659217877095,0.0,0.00558659217877095,179.0,178.0,180.0
cec2017_f8,400.0,800.0,51,1.0,0.0,0.0,0.0,0.0,0.0,0.0,0.0,0.0,,,,,,0.0,0.005555555555555556,0.0,0.005555555555555556,0.0,0.005555555555555556,0.0,0.005555555555555556,0.0,0.005555555555555556,0.0,0.005555555555555556,180.0,180.0,180.0
