{
  "function": "cec2017_f15",
  "func_id": 15,
  "dim": 10,
  "f_star": 1500.0,
  "n_runs": 51,
  "error_min": 0.00013035299593866512,
  "error_median": 0.03015989111941053,
  "error_mean": 0.16285412959868886,
  "error_max": 0.4999999968881639,
  "eps_in": 5.0301598911194105,
  "margin": 5.0,
  "eps_source": "median(final_error)+margin",
  "r_geo": 5.0,
  "K_1_success": 51,
  "K_1_tau_med": 159.0,
  "K_1_N_med": 136.0,
  "K_1_n_in_med": 1.0,
  "K_1_err_best_tau_med": 4.339051918954283,
  "K_1_depth_into_Ain_med": 0.6911079721651276,
  "K_1_gap_med": 10.34823241299739,
  "K_1_gap_q80": 15.10039663240882,
  "K_1_gap_le_5": 0.145985401459854,
  "K_1_gap_le_10": 0.47794117647058826,
  "K_1_r80": 43.68157615157727,
  "K_1_tight": 0.7770167736493575,
  "K_1_beta_r": 0.007352941176470588,
  "K_5_success": 51,
  "K_5_tau_med": 194.0,
  "K_5_N_med": 128.0,
  "K_5_n_in_med": 5.0,
  "K_5_err_best_tau_med": 3.1730375238114448,
  "K_5_depth_into_Ain_med": 1.8571223673079658,
  "K_5_gap_med": 5.697198011742557,
  "K_5_gap_q80": 8.939434957526556,
  "K_5_gap_le_5": 0.416,
  "K_5_gap_le_10": 0.860655737704918,
  "K_5_r80": 37.84819813133103,
  "K_5_tight": 0.7756117466875915,
  "K_5_beta_r": 0.007874015748031496,
  "K_10pctN_success": 51,
  "K_10pctN_tau_med": 220.0,
  "K_10pctN_N_med": 122.0,
  "K_10pctN_n_in_med": 13.0,
  "K_10pctN_err_best_tau_med": 2.6771694942269733,
  "K_10pctN_depth_into_Ain_med": 2.3529903968924373,
  "K_10pctN_gap_med": 3.5108275979513337,
  "K_10pctN_gap_q80": 6.0890978726506555,
  "K_10pctN_gap_le_5": 0.6818181818181818,
  "K_10pctN_gap_le_10": 1.0,
  "K_10pctN_r80": 33.785438124381855,
  "K_10pctN_tight": 0.7760971343012277,
  "K_10pctN_beta_r": 0.00819672131147541,
  "K_25pctN_success": 51,
  "K_25pctN_tau_med": 249.0,
  "K_25pctN_N_med": 116.0,
  "K_25pctN_n_in_med": 29.0,
  "K_25pctN_err_best_tau_med": 2.2924134568361296,
  "K_25pctN_depth_into_Ain_med": 2.737746434283281,
  "K_25pctN_gap_med": 2.0262213766309287,
  "K_25pctN_gap_q80": 3.8107291630917643,
  "K_25pctN_gap_le_5": 0.9080459770114943,
  "K_25pctN_gap_le_10": 1.0,
  "K_25pctN_r80": 31.920457083239665,
  "K_25pctN_tight": 0.7769922379919295,
  "K_25pctN_beta_r": 0.008849557522123894
}