{
  "function": "cec2017_f1",
  "func_id": 1,
  "dim": 10,
  "f_star": 100.0,
  "n_runs": 51,
  "error_min": 0.0,
  "error_median": 0.0,
  "error_mean": 0.0,
  "error_max": 0.0,
  "eps_in": 5.0,
  "margin": 5.0,
  "eps_source": "median(final_error)+margin",
  "r_geo": 5.0,
  "K_1_success": 51,
  "K_1_tau_med": 191.0,
  "K_1_N_med": 128.0,
  "K_1_n_in_med": 1.0,
  "K_1_err_best_tau_med": 4.104997919280308,
  "K_1_depth_into_Ain_med": 0.8950020807196921,
  "K_1_gap_med": 15.280478137499799,
  "K_1_gap_q80": 24.11628677599521,
  "K_1_gap_le_5": 0.07086614173228346,
  "K_1_gap_le_10": 0.25196850393700787,
  "K_1_r80": 1.9946921465940142,
  "K_1_tight": 0.5129318828574105,
  "K_1_beta_r": 1.0,
  "K_5_success": 51,
  "K_5_tau_med": 196.0,
  "K_5_N_med": 127.0,
  "K_5_n_in_med": 6.0,
  "K_5_err_best_tau_med": 2.8409451107146566,
  "K_5_depth_into_Ain_med": 2.1590548892853434,
  "K_5_gap_med": 7.4550736884292945,
  "K_5_gap_q80": 12.680427364863519,
  "K_5_gap_le_5": 0.3008130081300813,
  "K_5_gap_le_10": 0.6694915254237288,
  "K_5_r80": 1.4870090866075374,
  "K_5_tight": 0.5261065008779868,
  "K_5_beta_r": 1.0,
  "K_10pctN_success": 51,
  "K_10pctN_tau_med": 199.0,
  "K_10pctN_N_med": 127.0,
  "K_10pctN_n_in_med": 15.0,
  "K_10pctN_err_best_tau_med": 2.2149108125670836,
  "K_10pctN_depth_into_Ain_med": 2.7850891874329164,
  "K_10pctN_gap_med": 4.607906502625909,
  "K_10pctN_gap_q80": 8.344126417264771,
  "K_10pctN_gap_le_5": 0.5504587155963303,
  "K_10pctN_gap_le_10": 0.875,
  "K_10pctN_r80": 1.2809120514710493,
  "K_10pctN_tight": 0.5242672932842205,
  "K_10pctN_beta_r": 1.0,
  "K_25pctN_success": 51,
  "K_25pctN_tau_med": 201.0,
  "K_25pctN_N_med": 126.0,
  "K_25pctN_n_in_med": 37.0,
  "K_25pctN_err_best_tau_med": 1.5297672779345817,
  "K_25pctN_depth_into_Ain_med": 3.4702327220654183,
  "K_25pctN_gap_med": 2.8205577918904794,
  "K_25pctN_gap_q80": 5.595312872481133,
  "K_25pctN_gap_le_5": 0.7526881720430108,
  "K_25pctN_gap_le_10": 0.967391304347826,
  "K_25pctN_r80": 1.1149010734475095,
  "K_25pctN_tight": 0.5319159795761514,
  "K_25pctN_beta_r": 1.0
}