{
  "function": "cec2017_f18",
  "func_id": 18,
  "dim": 30,
  "f_star": 1800.0,
  "n_runs": 51,
  "error_min": 20.214202336534527,
  "error_median": 22.229740957768172,
  "error_mean": 22.32963238052205,
  "error_max": 26.249093884410286,
  "eps_in": 27.229740957768172,
  "margin": 5.0,
  "eps_source": "median(final_error)+margin",
  "r_geo": 5.0,
  "K_1_success": 51,
  "K_1_tau_med": 610.0,
  "K_1_N_med": 181.0,
  "K_1_n_in_med": 1.0,
  "K_1_gap_med": 5.718685116382289,
  "K_1_gap_q80": 8.258709343325291,
  "K_1_gap_le_5": 0.4245810055865922,
  "K_1_gap_le_10": 0.93,
  "K_1_r80": 39.353220146411836,
  "K_1_tight": 0.79774844117698,
  "K_1_beta_r": 0.005555555555555556,
  "K_5_success": 51,
  "K_5_tau_med": 651.0,
  "K_5_N_med": 168.0,
  "K_5_n_in_med": 5.0,
  "K_5_gap_med": 3.1944330801522938,
  "K_5_gap_q80": 6.085945862742847,
  "K_5_gap_le_5": 0.7116564417177914,
  "K_5_gap_le_10": 1.0,
  "K_5_r80": 36.49475175603045,
  "K_5_tight": 0.7877576551536883,
  "K_5_beta_r": 0.006024096385542169,
  "K_10pctN_success": 51,
  "K_10pctN_tau_med": 678.0,
  "K_10pctN_N_med": 160.0,
  "K_10pctN_n_in_med": 17.0,
  "K_10pctN_gap_med": 2.2478091387464474,
  "K_10pctN_gap_q80": 4.090389724497436,
  "K_10pctN_gap_le_5": 0.8670520231213873,
  "K_10pctN_gap_le_10": 1.0,
  "K_10pctN_r80": 33.80653113703521,
  "K_10pctN_tight": 0.7819002821902724,
  "K_10pctN_beta_r": 0.00625,
  "K_25pctN_success": 51,
  "K_25pctN_tau_med": 699.0,
  "K_25pctN_N_med": 154.0,
  "K_25pctN_n_in_med": 40.0,
  "K_25pctN_gap_med": 1.408604860504056,
  "K_25pctN_gap_q80": 2.8227155213413426,
  "K_25pctN_gap_le_5": 0.9696969696969697,
  "K_25pctN_gap_le_10": 1.0,
  "K_25pctN_r80": 30.893543160254918,
  "K_25pctN_tight": 0.7720331505843572,
  "K_25pctN_beta_r": 0.006493506493506494
}