eps,beta1_r0.5,beta1_r1.0,beta1_r2.0,beta1_r5.0,beta1_r10.0,beta1_r20.0
0.01,0.046511627906976744,0.15384615384615385,0.32558139534883723,0.7906976744186046,1.0,1.0
1.0,0.0070921985815602835,0.007142857142857143,0.04895104895104895,0.35714285714285715,0.8201438848920863,1.0
10.0,0.006060606060606061,0.006060606060606061,0.006060606060606061,0.006060606060606061,0.012121212121212121,0.3575757575757576
100.0,0.005681818181818182,0.005681818181818182,0.005681818181818182,0.005681818181818182,0.005681818181818182,0.005681818181818182
400.0,0.0056179775280898875,0.0056179775280898875,0.0056179775280898875,0.0056179775280898875,0.0056179775280898875,0.0056179775280898875
