{
  "function": "cec2017_f21",
  "func_id": 21,
  "dim": 30,
  "f_star": 2100.0,
  "n_runs": 51,
  "error_min": 205.43274607840385,
  "error_median": 208.10581486951878,
  "error_mean": 208.00924055906253,
  "error_max": 212.03114110668412,
  "eps_in": 213.10581486951878,
  "margin": 5.0,
  "eps_source": "median(final_error)+margin",
  "r_geo": 5.0,
  "K_1_success": 51,
  "K_1_tau_med": 1321.0,
  "K_1_N_med": 51.0,
  "K_1_n_in_med": 1.0,
  "K_1_gap_med": 9.365624922436155,
  "K_1_gap_q80": 12.606736195516351,
  "K_1_gap_le_5": 0.1590909090909091,
  "K_1_gap_le_10": 0.5357142857142857,
  "K_1_r80": 78.27196841384747,
  "K_1_tight": 0.9009021621847659,
  "K_1_beta_r": 0.0196078431372549,
  "K_5_success": 50,
  "K_5_tau_med": 1522.0,
  "K_5_N_med": 35.5,
  "K_5_n_in_med": 5.0,
  "K_5_gap_med": 4.245041797104022,
  "K_5_gap_q80": 6.022345665197372,
  "K_5_gap_le_5": 0.6357142857142857,
  "K_5_gap_le_10": 1.0,
  "K_5_r80": 74.13080501330086,
  "K_5_tight": 0.9032693862272168,
  "K_5_beta_r": 0.02817460317460317,
  "K_10pctN_success": 51,
  "K_10pctN_tau_med": 1492.0,
  "K_10pctN_N_med": 37.0,
  "K_10pctN_n_in_med": 4.0,
  "K_10pctN_gap_med": 4.913086078527158,
  "K_10pctN_gap_q80": 6.941711293816752,
  "K_10pctN_gap_le_5": 0.5185185185185185,
  "K_10pctN_gap_le_10": 1.0,
  "K_10pctN_r80": 74.64287892049245,
  "K_10pctN_tight": 0.9024358805713305,
  "K_10pctN_beta_r": 0.02702702702702703,
  "K_25pctN_success": 51,
  "K_25pctN_tau_med": 1658.0,
  "K_25pctN_N_med": 28.0,
  "K_25pctN_n_in_med": 7.0,
  "K_25pctN_gap_med": 2.599934859053519,
  "K_25pctN_gap_q80": 3.728333854104676,
  "K_25pctN_gap_le_5": 1.0,
  "K_25pctN_gap_le_10": 1.0,
  "K_25pctN_r80": 71.95405155337286,
  "K_25pctN_tight": 0.9025076993898813,
  "K_25pctN_beta_r": 0.03571428571428571
}