{
  "function": "cec2017_f28",
  "func_id": 28,
  "dim": 30,
  "f_star": 2800.0,
  "n_runs": 51,
  "error_min": 300.00000000000045,
  "error_median": 300.00000000000045,
  "error_mean": 335.03400478513197,
  "error_max": 453.9302029392825,
  "eps_in": 305.00000000000045,
  "margin": 5.0,
  "eps_source": "median(final_error)+margin",
  "r_geo": 5.0,
  "K_1_success": 36,
  "K_1_tau_med": 323.0,
  "K_1_N_med": 303.0,
  "K_1_n_in_med": 1.0,
  "K_1_gap_med": 3.411346348488337,
  "K_1_gap_q80": 4.646021867667651,
  "K_1_gap_le_5": 0.8430181240437802,
  "K_1_gap_le_10": 1.0,
  "K_1_r80": 6.8699923928691895,
  "K_1_tight": 0.8254557125232767,
  "K_1_beta_r": 0.23452029233400717,
  "K_5_success": 36,
  "K_5_tau_med": 326.5,
  "K_5_N_med": 300.5,
  "K_5_n_in_med": 8.0,
  "K_5_gap_med": 2.200157883455404,
  "K_5_gap_q80": 3.3198726638981952,
  "K_5_gap_le_5": 0.9626409017713365,
  "K_5_gap_le_10": 1.0,
  "K_5_r80": 6.241919042212044,
  "K_5_tight": 0.8390833225724416,
  "K_5_beta_r": 0.4318026694979524,
  "K_10pctN_success": 36,
  "K_10pctN_tau_med": 328.0,
  "K_10pctN_N_med": 300.0,
  "K_10pctN_n_in_med": 44.5,
  "K_10pctN_gap_med": 1.303007780400435,
  "K_10pctN_gap_q80": 2.261048053427749,
  "K_10pctN_gap_le_5": 1.0,
  "K_10pctN_gap_le_10": 1.0,
  "K_10pctN_r80": 5.484325531377452,
  "K_10pctN_tight": 0.8478246394118873,
  "K_10pctN_beta_r": 0.6405177465260339,
  "K_25pctN_success": 36,
  "K_25pctN_tau_med": 329.5,
  "K_25pctN_N_med": 299.0,
  "K_25pctN_n_in_med": 97.0,
  "K_25pctN_gap_med": 0.8700369406993786,
  "K_25pctN_gap_q80": 1.7068209612235026,
  "K_25pctN_gap_le_5": 1.0,
  "K_25pctN_gap_le_10": 1.0,
  "K_25pctN_r80": 5.000588353278802,
  "K_25pctN_tight": 0.8512783228904607,
  "K_25pctN_beta_r": 0.8002073331770108
}