{
  "function": "cec2017_f21",
  "func_id": 21,
  "dim": 10,
  "f_star": 2100.0,
  "n_runs": 51,
  "error_min": 100.0,
  "error_median": 114.4580301579008,
  "error_mean": 148.1938369169373,
  "error_max": 205.14658920480633,
  "eps_in": 119.4580301579008,
  "margin": 5.0,
  "eps_source": "median(final_error)+margin",
  "r_geo": 5.0,
  "K_1_success": 27,
  "K_1_tau_med": 140.0,
  "K_1_N_med": 140.0,
  "K_1_n_in_med": 1.0,
  "K_1_err_best_tau_med": 117.44695147930452,
  "K_1_depth_into_Ain_med": 2.0110786785962773,
  "K_1_gap_med": 119.31845352041682,
  "K_1_gap_q80": 139.10439186974128,
  "K_1_gap_le_5": 0.00625,
  "K_1_gap_le_10": 0.013513513513513514,
  "K_1_r80": 255.08034577076077,
  "K_1_tight": 0.876513829456511,
  "K_1_beta_r": 0.007142857142857143,
  "K_5_success": 22,
  "K_5_tau_med": 112.0,
  "K_5_N_med": 147.5,
  "K_5_n_in_med": 5.0,
  "K_5_err_best_tau_med": 110.1374865202331,
  "K_5_depth_into_Ain_med": 9.320543637667697,
  "K_5_gap_med": 61.14326999590571,
  "K_5_gap_q80": 120.7928082083634,
  "K_5_gap_le_5": 0.03108795965938823,
  "K_5_gap_le_10": 0.06779970760233918,
  "K_5_r80": 241.96572939470678,
  "K_5_tight": 0.7092616303062105,
  "K_5_beta_r": 0.006779738922596066,
  "K_10pctN_success": 27,
  "K_10pctN_tau_med": 153.0,
  "K_10pctN_N_med": 137.0,
  "K_10pctN_n_in_med": 15.0,
  "K_10pctN_err_best_tau_med": 107.60115893332568,
  "K_10pctN_depth_into_Ain_med": 11.856871224575116,
  "K_10pctN_gap_med": 28.841690441232004,
  "K_10pctN_gap_q80": 87.27276619745153,
  "K_10pctN_gap_le_5": 0.072,
  "K_10pctN_gap_le_10": 0.17557251908396945,
  "K_10pctN_r80": 141.51820293090316,
  "K_10pctN_tight": 0.7812262566318277,
  "K_10pctN_beta_r": 0.0072992700729927005,
  "K_25pctN_success": 27,
  "K_25pctN_tau_med": 160.0,
  "K_25pctN_N_med": 136.0,
  "K_25pctN_n_in_med": 38.0,
  "K_25pctN_err_best_tau_med": 106.3218404105587,
  "K_25pctN_depth_into_Ain_med": 13.136189747342087,
  "K_25pctN_gap_med": 17.80069632956929,
  "K_25pctN_gap_q80": 51.306369810357864,
  "K_25pctN_gap_le_5": 0.14432989690721648,
  "K_25pctN_gap_le_10": 0.3142857142857143,
  "K_25pctN_r80": 116.31955430136486,
  "K_25pctN_tight": 0.7974055782687732,
  "K_25pctN_beta_r": 0.007352941176470588
}