{
  "n_runs": 51,
  "n_hits": 4,
  "hit_rate": 0.0784313725490196,
  "tau_median": 177.5,
  "tau_mean": 279.25,
  "n_hits_out": 51,
  "hit_rate_out": 1.0,
  "tau_out_median": 8.0,
  "tau_out_mean": 7.862745098039215,
  "G2G3_rate_mean": 0.011885281198863146,
  "G2G3_rate_median": 0.0,
  "G4_rate_mean": 0.9953027160622416,
  "G4_rate_median": 0.9958410351201479,
  "G5_rate_mean": 0.210992715015766,
  "G5_rate_median": 0.14371534195933455,
  "Ghat_rate_mean": 0.011885281198863146,
  "Ghat_rate_median": 0.0,
  "gamma0_mean": 4.727974548325052e-08,
  "runs_with_any_G4": 51,
  "runs_with_any_Ghat": 1,
  "runs_with_any_gamma0_pos": 1,
  "n_ever_G2G3": 4,
  "n_ever_G4": 51,
  "n_ever_Ghat": 4,
  "tau_G2G3_first_median": 270.0,
  "tau_G4_first_median": 8.0,
  "tau_Ghat_first_median": 270.0,
  "n_stable_Ghat": 1,
  "tau_Ghat_stable_median": 269.0,
  "tau_Ghat_stable_mean": 269.0,
  "n_valid_phases": 1,
  "phase1_median": 269.0,
  "phase1_mean": 269.0,
  "phase2_median": 414.0,
  "phase2_mean": 414.0,
  "phase_ratio_median": 1.5390334572490707,
  "phase_ratio_mean": 1.5390334572490707,
  "T_conc_10_median": 270.0,
  "T_conc_10_mean": 248.25,
  "n_finite_T_conc_10": 4,
  "delta_10_median": -90.0,
  "delta_10_mean": 31.0,
  "n_positive_delta_10": 1,
  "p_delta_positive_10": 0.25,
  "n_finite_Twit": 4,
  "Twit_median": 270.0,
  "Twit_mean": 248.25,
  "Twit_inf_rate": 0.9215686274509803,
  "n_runs_with_at_risk": 51,
  "function": "cec2017_f24",
  "eps_in": 100.0,
  "eps_out": 400.0,
  "dim": 10,
  "r_conc": 2.0,
  "m_min": 4
}