{
  "function": "cec2017_f10",
  "func_id": 10,
  "dim": 10,
  "f_star": 1000.0,
  "n_runs": 51,
  "error_min": 0.4785396514898821,
  "error_median": 15.2022894628235,
  "error_mean": 31.94269164236943,
  "error_max": 137.0656724753353,
  "eps_in": 20.2022894628235,
  "margin": 5.0,
  "eps_source": "median(final_error)+margin",
  "r_geo": 5.0,
  "K_1_success": 36,
  "K_1_tau_med": 802.0,
  "K_1_N_med": 44.0,
  "K_1_n_in_med": 1.0,
  "K_1_err_best_tau_med": 18.745646155773557,
  "K_1_depth_into_Ain_med": 1.4566433070499443,
  "K_1_gap_med": 352.3965881464735,
  "K_1_gap_q80": 444.74640240887214,
  "K_1_gap_le_5": 0.0,
  "K_1_gap_le_10": 0.0,
  "K_1_r80": 177.1441919810357,
  "K_1_tight": 0.8110771942275268,
  "K_1_beta_r": 0.022727272727272728,
  "K_5_success": 2,
  "K_5_tau_med": 1095.0,
  "K_5_N_med": 26.0,
  "K_5_n_in_med": 5.0,
  "K_5_err_best_tau_med": 7.732333477712473,
  "K_5_depth_into_Ain_med": 12.469955985111028,
  "K_5_gap_med": 217.08949265897718,
  "K_5_gap_q80": 286.3678040356719,
  "K_5_gap_le_5": 0.02631578947368421,
  "K_5_gap_le_10": 0.06979405034324943,
  "K_5_r80": 141.75184183900652,
  "K_5_tight": 0.7727514650640417,
  "K_5_beta_r": 0.03869047619047619,
  "K_10pctN_success": 36,
  "K_10pctN_tau_med": 1274.0,
  "K_10pctN_N_med": 19.0,
  "K_10pctN_n_in_med": 2.0,
  "K_10pctN_err_best_tau_med": 13.189579652162138,
  "K_10pctN_depth_into_Ain_med": 7.012709810661363,
  "K_10pctN_gap_med": 214.31339548443384,
  "K_10pctN_gap_q80": 244.4232093083251,
  "K_10pctN_gap_le_5": 0.0,
  "K_10pctN_gap_le_10": 0.0,
  "K_10pctN_r80": 165.40424053695156,
  "K_10pctN_tight": 0.8095760438979887,
  "K_10pctN_beta_r": 0.05277777777777778,
  "K_25pctN_success": 36,
  "K_25pctN_tau_med": 1732.0,
  "K_25pctN_N_med": 8.0,
  "K_25pctN_n_in_med": 2.0,
  "K_25pctN_err_best_tau_med": 10.476307426240965,
  "K_25pctN_depth_into_Ain_med": 9.725982036582536,
  "K_25pctN_gap_med": 119.99760167773502,
  "K_25pctN_gap_q80": 130.10709348283922,
  "K_25pctN_gap_le_5": 0.0,
  "K_25pctN_gap_le_10": 0.0,
  "K_25pctN_r80": 148.55119361159558,
  "K_25pctN_tight": 0.831984027728676,
  "K_25pctN_beta_r": 0.125
}