{
  "function": "cec2017_f16",
  "func_id": 16,
  "dim": 10,
  "f_star": 1600.0,
  "n_runs": 51,
  "error_min": 0.01592565316400396,
  "error_median": 0.34039476871043917,
  "error_mean": 0.35527427905822595,
  "error_max": 0.7476697821252856,
  "eps_in": 5.340394768710439,
  "margin": 5.0,
  "eps_source": "median(final_error)+margin",
  "r_geo": 5.0,
  "K_1_success": 51,
  "K_1_tau_med": 298.0,
  "K_1_N_med": 106.0,
  "K_1_n_in_med": 1.0,
  "K_1_err_best_tau_med": 4.678978875374696,
  "K_1_depth_into_Ain_med": 0.661415893335743,
  "K_1_gap_med": 22.676121661550496,
  "K_1_gap_q80": 42.57277541399149,
  "K_1_gap_le_5": 0.07692307692307693,
  "K_1_gap_le_10": 0.2,
  "K_1_r80": 115.58515726106813,
  "K_1_tight": 0.7571359385802869,
  "K_1_beta_r": 0.009433962264150943,
  "K_5_success": 51,
  "K_5_tau_med": 341.0,
  "K_5_N_med": 99.0,
  "K_5_n_in_med": 5.0,
  "K_5_err_best_tau_med": 3.5279273208157065,
  "K_5_depth_into_Ain_med": 1.8124674478947327,
  "K_5_gap_med": 11.89953652067652,
  "K_5_gap_q80": 21.756260990791407,
  "K_5_gap_le_5": 0.22826086956521738,
  "K_5_gap_le_10": 0.4175824175824176,
  "K_5_r80": 113.77926561024927,
  "K_5_tight": 0.7432977796057828,
  "K_5_beta_r": 0.010101010101010102,
  "K_10pctN_success": 51,
  "K_10pctN_tau_med": 371.0,
  "K_10pctN_N_med": 93.0,
  "K_10pctN_n_in_med": 10.0,
  "K_10pctN_err_best_tau_med": 3.1079013454677806,
  "K_10pctN_depth_into_Ain_med": 2.2324934232426585,
  "K_10pctN_gap_med": 8.165859105905952,
  "K_10pctN_gap_q80": 16.78436049758402,
  "K_10pctN_gap_le_5": 0.34444444444444444,
  "K_10pctN_gap_le_10": 0.5679012345679012,
  "K_10pctN_r80": 110.14082965191281,
  "K_10pctN_tight": 0.7339179526865073,
  "K_10pctN_beta_r": 0.010752688172043012,
  "K_25pctN_success": 51,
  "K_25pctN_tau_med": 408.0,
  "K_25pctN_N_med": 88.0,
  "K_25pctN_n_in_med": 23.0,
  "K_25pctN_err_best_tau_med": 2.6446354919664827,
  "K_25pctN_depth_into_Ain_med": 2.6957592767439564,
  "K_25pctN_gap_med": 4.599051484825395,
  "K_25pctN_gap_q80": 11.38216860461721,
  "K_25pctN_gap_le_5": 0.5285714285714286,
  "K_25pctN_gap_le_10": 0.7272727272727273,
  "K_25pctN_r80": 102.56850205877699,
  "K_25pctN_tight": 0.7477222550058016,
  "K_25pctN_beta_r": 0.011363636363636364
}