{
  "function": "cec2017_f12",
  "func_id": 12,
  "dim": 10,
  "f_star": 1200.0,
  "n_runs": 51,
  "error_min": 3.818269851763034e-05,
  "error_median": 11.172993266873164,
  "error_mean": 53.439096855520376,
  "error_max": 237.08485039621996,
  "eps_in": 16.172993266873164,
  "margin": 5.0,
  "eps_source": "median(final_error)+margin",
  "r_geo": 5.0,
  "K_1_success": 30,
  "K_1_tau_med": 350.0,
  "K_1_N_med": 97.0,
  "K_1_n_in_med": 1.0,
  "K_1_err_best_tau_med": 13.610145156445242,
  "K_1_depth_into_Ain_med": 2.5628481104279217,
  "K_1_gap_med": 44.335273050391834,
  "K_1_gap_q80": 71.1813412537352,
  "K_1_gap_le_5": 0.010710194730813288,
  "K_1_gap_le_10": 0.041156606162937946,
  "K_1_r80": 22.160231364422934,
  "K_1_tight": 0.7487969752463419,
  "K_1_beta_r": 0.2268944647585424,
  "K_5_success": 30,
  "K_5_tau_med": 381.5,
  "K_5_N_med": 92.0,
  "K_5_n_in_med": 5.0,
  "K_5_err_best_tau_med": 9.706371609281632,
  "K_5_depth_into_Ain_med": 6.466621657591531,
  "K_5_gap_med": 25.76717275101271,
  "K_5_gap_q80": 46.93802670965195,
  "K_5_gap_le_5": 0.06795444051100508,
  "K_5_gap_le_10": 0.15651610514624215,
  "K_5_r80": 21.942096379192947,
  "K_5_tight": 0.7278240978488137,
  "K_5_beta_r": 0.3763541059988352,
  "K_10pctN_success": 30,
  "K_10pctN_tau_med": 389.5,
  "K_10pctN_N_med": 90.5,
  "K_10pctN_n_in_med": 10.0,
  "K_10pctN_err_best_tau_med": 8.559955324018006,
  "K_10pctN_depth_into_Ain_med": 7.613037942855158,
  "K_10pctN_gap_med": 18.781071613025176,
  "K_10pctN_gap_q80": 38.8730752685193,
  "K_10pctN_gap_le_5": 0.1326331216414265,
  "K_10pctN_gap_le_10": 0.2737203495630462,
  "K_10pctN_r80": 21.834741222709773,
  "K_10pctN_tight": 0.7179026979949477,
  "K_10pctN_beta_r": 0.41468875951634576,
  "K_25pctN_success": 30,
  "K_25pctN_tau_med": 406.5,
  "K_25pctN_N_med": 87.5,
  "K_25pctN_n_in_med": 22.5,
  "K_25pctN_err_best_tau_med": 5.936147263093744,
  "K_25pctN_depth_into_Ain_med": 10.23684600377942,
  "K_25pctN_gap_med": 12.077615694112524,
  "K_25pctN_gap_q80": 23.76240660760143,
  "K_25pctN_gap_le_5": 0.2227307398932113,
  "K_25pctN_gap_le_10": 0.4345760233918129,
  "K_25pctN_r80": 19.191700296803116,
  "K_25pctN_tight": 0.7053595733956157,
  "K_25pctN_beta_r": 0.4627617698000315
}