{
  "function": "cec2017_f25",
  "func_id": 25,
  "dim": 30,
  "f_star": 2500.0,
  "n_runs": 51,
  "error_min": 386.6913085887368,
  "error_median": 386.7181656958469,
  "error_mean": 386.72155822694805,
  "error_max": 386.7887843812555,
  "eps_in": 391.7181656958469,
  "margin": 5.0,
  "eps_source": "median(final_error)+margin",
  "r_geo": 5.0,
  "K_1_success": 51,
  "K_1_tau_med": 75.0,
  "K_1_N_med": 471.0,
  "K_1_n_in_med": 1.0,
  "K_1_gap_med": 4.286400799036983,
  "K_1_gap_q80": 5.988339652379454,
  "K_1_gap_le_5": 0.6431623931623932,
  "K_1_gap_le_10": 0.9850746268656716,
  "K_1_r80": 17.66194023539835,
  "K_1_tight": 0.8760375911927123,
  "K_1_beta_r": 0.0021231422505307855,
  "K_5_success": 51,
  "K_5_tau_med": 77.0,
  "K_5_N_med": 470.0,
  "K_5_n_in_med": 9.0,
  "K_5_gap_med": 2.841035629607177,
  "K_5_gap_q80": 4.398067803972481,
  "K_5_gap_le_5": 0.8720173535791758,
  "K_5_gap_le_10": 1.0,
  "K_5_r80": 16.018491752318177,
  "K_5_tight": 0.876368950200766,
  "K_5_beta_r": 0.002127659574468085,
  "K_10pctN_success": 51,
  "K_10pctN_tau_med": 79.0,
  "K_10pctN_N_med": 468.0,
  "K_10pctN_n_in_med": 69.0,
  "K_10pctN_gap_med": 1.4092711285957193,
  "K_10pctN_gap_q80": 2.4801077752915264,
  "K_10pctN_gap_le_5": 0.9896373056994818,
  "K_10pctN_gap_le_10": 1.0,
  "K_10pctN_r80": 13.837256295383417,
  "K_10pctN_tight": 0.8747264226368937,
  "K_10pctN_beta_r": 0.002136752136752137,
  "K_25pctN_success": 51,
  "K_25pctN_tau_med": 80.0,
  "K_25pctN_N_med": 467.0,
  "K_25pctN_n_in_med": 157.0,
  "K_25pctN_gap_med": 0.9313965491660383,
  "K_25pctN_gap_q80": 1.7645906424689202,
  "K_25pctN_gap_le_5": 1.0,
  "K_25pctN_gap_le_10": 1.0,
  "K_25pctN_r80": 13.008780920095072,
  "K_25pctN_tight": 0.8726675784957143,
  "K_25pctN_beta_r": 0.0021413276231263384
}