{
  "function": "cec2017_f3",
  "func_id": 3,
  "dim": 10,
  "f_star": 300.0,
  "n_runs": 51,
  "error_min": 0.0,
  "error_median": 0.0,
  "error_mean": 0.0,
  "error_max": 0.0,
  "eps_in": 5.0,
  "margin": 5.0,
  "eps_source": "median(final_error)+margin",
  "r_geo": 5.0,
  "K_1_success": 51,
  "K_1_tau_med": 107.0,
  "K_1_N_med": 149.0,
  "K_1_n_in_med": 1.0,
  "K_1_err_best_tau_med": 4.213654769593234,
  "K_1_depth_into_Ain_med": 0.7863452304067664,
  "K_1_gap_med": 16.339612175153775,
  "K_1_gap_q80": 25.677022131448417,
  "K_1_gap_le_5": 0.0738255033557047,
  "K_1_gap_le_10": 0.2671232876712329,
  "K_1_r80": 5.371724347648822,
  "K_1_tight": 0.8237375550576636,
  "K_1_beta_r": 0.7066666666666667,
  "K_5_success": 51,
  "K_5_tau_med": 111.0,
  "K_5_N_med": 148.0,
  "K_5_n_in_med": 6.0,
  "K_5_err_best_tau_med": 3.025404925543967,
  "K_5_depth_into_Ain_med": 1.9745950744560332,
  "K_5_gap_med": 8.512912747865869,
  "K_5_gap_q80": 14.31891242412371,
  "K_5_gap_le_5": 0.2553191489361702,
  "K_5_gap_le_10": 0.589041095890411,
  "K_5_r80": 4.298911125852494,
  "K_5_tight": 0.8148210623483779,
  "K_5_beta_r": 0.9256756756756757,
  "K_10pctN_success": 51,
  "K_10pctN_tau_med": 113.0,
  "K_10pctN_N_med": 147.0,
  "K_10pctN_n_in_med": 18.0,
  "K_10pctN_err_best_tau_med": 1.9078991471756126,
  "K_10pctN_depth_into_Ain_med": 3.0921008528243874,
  "K_10pctN_gap_med": 4.825521109703857,
  "K_10pctN_gap_q80": 8.919485655389167,
  "K_10pctN_gap_le_5": 0.515625,
  "K_10pctN_gap_le_10": 0.8503937007874016,
  "K_10pctN_r80": 3.5509197427839716,
  "K_10pctN_tight": 0.8231204387069272,
  "K_10pctN_beta_r": 0.9931506849315068,
  "K_25pctN_success": 51,
  "K_25pctN_tau_med": 116.0,
  "K_25pctN_N_med": 146.0,
  "K_25pctN_n_in_med": 43.0,
  "K_25pctN_err_best_tau_med": 1.3739670055591091,
  "K_25pctN_depth_into_Ain_med": 3.626032994440891,
  "K_25pctN_gap_med": 2.7711315666330734,
  "K_25pctN_gap_q80": 5.64477440933706,
  "K_25pctN_gap_le_5": 0.7604166666666666,
  "K_25pctN_gap_le_10": 0.9615384615384616,
  "K_25pctN_r80": 3.0226128226860642,
  "K_25pctN_tight": 0.8219793352140485,
  "K_25pctN_beta_r": 1.0
}