{
  "function": "cec2017_f17",
  "func_id": 17,
  "dim": 10,
  "f_star": 1700.0,
  "n_runs": 51,
  "error_min": 0.0050460379693504365,
  "error_median": 0.07693975749657511,
  "error_mean": 0.17244832210034403,
  "error_max": 1.038075851874055,
  "eps_in": 5.076939757496575,
  "margin": 5.0,
  "eps_source": "median(final_error)+margin",
  "r_geo": 5.0,
  "K_1_success": 51,
  "K_1_tau_med": 533.0,
  "K_1_N_med": 70.0,
  "K_1_n_in_med": 1.0,
  "K_1_err_best_tau_med": 4.645732578205752,
  "K_1_depth_into_Ain_med": 0.43120717929082275,
  "K_1_gap_med": 7.763644119562628,
  "K_1_gap_q80": 12.330261611890684,
  "K_1_gap_le_5": 0.23529411764705882,
  "K_1_gap_le_10": 0.6710526315789473,
  "K_1_r80": 114.00613900824261,
  "K_1_tight": 0.6767137078880855,
  "K_1_beta_r": 0.014285714285714285,
  "K_5_success": 51,
  "K_5_tau_med": 572.0,
  "K_5_N_med": 66.0,
  "K_5_n_in_med": 5.0,
  "K_5_err_best_tau_med": 3.277514703273482,
  "K_5_depth_into_Ain_med": 1.799425054223093,
  "K_5_gap_med": 4.3299931794313125,
  "K_5_gap_q80": 7.631895394127287,
  "K_5_gap_le_5": 0.576271186440678,
  "K_5_gap_le_10": 0.9206349206349206,
  "K_5_r80": 101.66539393462924,
  "K_5_tight": 0.6792166010865817,
  "K_5_beta_r": 0.015151515151515152,
  "K_10pctN_success": 51,
  "K_10pctN_tau_med": 579.0,
  "K_10pctN_N_med": 65.0,
  "K_10pctN_n_in_med": 7.0,
  "K_10pctN_err_best_tau_med": 2.920621640278796,
  "K_10pctN_depth_into_Ain_med": 2.156318117217779,
  "K_10pctN_gap_med": 3.644560110029488,
  "K_10pctN_gap_q80": 6.70368804807372,
  "K_10pctN_gap_le_5": 0.6481481481481481,
  "K_10pctN_gap_le_10": 0.9523809523809523,
  "K_10pctN_r80": 103.67164598857093,
  "K_10pctN_tight": 0.6897449477500188,
  "K_10pctN_beta_r": 0.015384615384615385,
  "K_25pctN_success": 51,
  "K_25pctN_tau_med": 607.0,
  "K_25pctN_N_med": 62.0,
  "K_25pctN_n_in_med": 16.0,
  "K_25pctN_err_best_tau_med": 2.185067345572179,
  "K_25pctN_depth_into_Ain_med": 2.891872411924396,
  "K_25pctN_gap_med": 2.6234779855906254,
  "K_25pctN_gap_q80": 4.736000019973926,
  "K_25pctN_gap_le_5": 0.8157894736842105,
  "K_25pctN_gap_le_10": 1.0,
  "K_25pctN_r80": 104.24477751477922,
  "K_25pctN_tight": 0.6604944062945601,
  "K_25pctN_beta_r": 0.016129032258064516
}