{
  "function": "cec2017_f9",
  "func_id": 9,
  "dim": 10,
  "f_star": 900.0,
  "n_runs": 51,
  "error_min": 0.0,
  "error_median": 0.0,
  "error_mean": 0.0,
  "error_max": 0.0,
  "eps_in": 5.0,
  "margin": 5.0,
  "eps_source": "median(final_error)+margin",
  "r_geo": 5.0,
  "K_1_success": 51,
  "K_1_tau_med": 87.0,
  "K_1_N_med": 154.0,
  "K_1_n_in_med": 1.0,
  "K_1_err_best_tau_med": 3.7619483018936535,
  "K_1_depth_into_Ain_med": 1.2380516981063465,
  "K_1_gap_med": 18.931852663658105,
  "K_1_gap_q80": 28.750526832447214,
  "K_1_gap_le_5": 0.058823529411764705,
  "K_1_gap_le_10": 0.19480519480519481,
  "K_1_r80": 13.070684820519652,
  "K_1_tight": 0.789102102069669,
  "K_1_beta_r": 0.012987012987012988,
  "K_5_success": 51,
  "K_5_tau_med": 91.0,
  "K_5_N_med": 153.0,
  "K_5_n_in_med": 6.0,
  "K_5_err_best_tau_med": 2.798887367620978,
  "K_5_depth_into_Ain_med": 2.201112632379022,
  "K_5_gap_med": 10.43016800268083,
  "K_5_gap_q80": 17.510151029086842,
  "K_5_gap_le_5": 0.2054794520547945,
  "K_5_gap_le_10": 0.48322147651006714,
  "K_5_r80": 10.871843105957575,
  "K_5_tight": 0.789923722873713,
  "K_5_beta_r": 0.0392156862745098,
  "K_10pctN_success": 51,
  "K_10pctN_tau_med": 95.0,
  "K_10pctN_N_med": 152.0,
  "K_10pctN_n_in_med": 18.0,
  "K_10pctN_err_best_tau_med": 2.130268877999697,
  "K_10pctN_depth_into_Ain_med": 2.869731122000303,
  "K_10pctN_gap_med": 6.016383988081657,
  "K_10pctN_gap_q80": 11.085025793171626,
  "K_10pctN_gap_le_5": 0.42105263157894735,
  "K_10pctN_gap_le_10": 0.7555555555555555,
  "K_10pctN_r80": 8.959620832570469,
  "K_10pctN_tight": 0.7862554966241844,
  "K_10pctN_beta_r": 0.13157894736842105,
  "K_25pctN_success": 51,
  "K_25pctN_tau_med": 99.0,
  "K_25pctN_N_med": 151.0,
  "K_25pctN_n_in_med": 42.0,
  "K_25pctN_err_best_tau_med": 1.8086464567119265,
  "K_25pctN_depth_into_Ain_med": 3.1913535432880735,
  "K_25pctN_gap_med": 3.5789235764320324,
  "K_25pctN_gap_q80": 7.221224210644095,
  "K_25pctN_gap_le_5": 0.638095238095238,
  "K_25pctN_gap_le_10": 0.9074074074074074,
  "K_25pctN_r80": 7.694720521454568,
  "K_25pctN_tight": 0.7932605430622068,
  "K_25pctN_beta_r": 0.22
}