{
  "n_runs": 51,
  "n_hits": 51,
  "hit_rate": 1.0,
  "tau_median": 186.0,
  "tau_mean": 186.5686274509804,
  "n_hits_out": 51,
  "hit_rate_out": 1.0,
  "tau_out_median": 176.0,
  "tau_out_mean": 175.62745098039215,
  "G2G3_rate_mean": 0.45181527376015185,
  "G2G3_rate_median": 0.4603174603174603,
  "G4_rate_mean": 0.0583049729798961,
  "G4_rate_median": 0.06417112299465241,
  "G5_rate_mean": 1.0,
  "G5_rate_median": 1.0,
  "Ghat_rate_mean": 0.0583049729798961,
  "Ghat_rate_median": 0.06417112299465241,
  "gamma0_mean": 9.833916523763043e-09,
  "runs_with_any_G4": 49,
  "runs_with_any_Ghat": 49,
  "runs_with_any_gamma0_pos": 49,
  "n_ever_G2G3": 51,
  "n_ever_G4": 51,
  "n_ever_Ghat": 51,
  "tau_G2G3_first_median": 91.0,
  "tau_G4_first_median": 176.0,
  "tau_Ghat_first_median": 176.0,
  "n_stable_Ghat": 49,
  "tau_Ghat_stable_median": 176.0,
  "tau_Ghat_stable_mean": 175.57142857142858,
  "n_valid_phases": 49,
  "phase1_median": 176.0,
  "phase1_mean": 175.57142857142858,
  "phase2_median": 12.0,
  "phase2_mean": 11.387755102040817,
  "phase_ratio_median": 0.06936416184971098,
  "phase_ratio_mean": 0.06502336110541267,
  "T_conc_10_median": 103.0,
  "T_conc_10_mean": 110.07843137254902,
  "n_finite_T_conc_10": 51,
  "delta_10_median": 80.0,
  "delta_10_mean": 76.49019607843137,
  "n_positive_delta_10": 51,
  "p_delta_positive_10": 1.0,
  "n_finite_Twit": 51,
  "Twit_median": 176.0,
  "Twit_mean": 175.62745098039215,
  "Twit_inf_rate": 0.0,
  "n_runs_with_at_risk": 51,
  "function": "cec2017_f1",
  "eps_in": 10.0,
  "eps_out": 40.0,
  "dim": 10,
  "r_conc": 2.0,
  "m_min": 4
}