{
  "function": "cec2017_f8",
  "func_id": 8,
  "dim": 30,
  "f_star": 800.0,
  "n_runs": 51,
  "error_min": 3.0682562631528754,
  "error_median": 7.071544997091337,
  "error_mean": 7.11210413665587,
  "error_max": 10.184442472797286,
  "eps_in": 12.071544997091337,
  "margin": 5.0,
  "eps_source": "median(final_error)+margin",
  "r_geo": 5.0,
  "K_1_success": 51,
  "K_1_tau_med": 1372.0,
  "K_1_N_med": 46.0,
  "K_1_n_in_med": 1.0,
  "K_1_gap_med": 8.960097643341214,
  "K_1_gap_q80": 11.503452312408923,
  "K_1_gap_le_5": 0.14285714285714285,
  "K_1_gap_le_10": 0.6,
  "K_1_r80": 80.19634393660674,
  "K_1_tight": 0.9072752797634646,
  "K_1_beta_r": 0.021739130434782608,
  "K_5_success": 47,
  "K_5_tau_med": 1632.0,
  "K_5_N_med": 29.0,
  "K_5_n_in_med": 5.0,
  "K_5_gap_med": 3.409608528890544,
  "K_5_gap_q80": 4.880461026723061,
  "K_5_gap_le_5": 0.8333333333333334,
  "K_5_gap_le_10": 1.0,
  "K_5_r80": 75.4516491443804,
  "K_5_tight": 0.919673654288036,
  "K_5_beta_r": 0.034482758620689655,
  "K_10pctN_success": 51,
  "K_10pctN_tau_med": 1607.0,
  "K_10pctN_N_med": 30.0,
  "K_10pctN_n_in_med": 4.0,
  "K_10pctN_gap_med": 4.4377619511393505,
  "K_10pctN_gap_q80": 5.929408026629403,
  "K_10pctN_gap_le_5": 0.5909090909090909,
  "K_10pctN_gap_le_10": 1.0,
  "K_10pctN_r80": 76.83411680520229,
  "K_10pctN_tight": 0.9234942429326297,
  "K_10pctN_beta_r": 0.03333333333333333,
  "K_25pctN_success": 51,
  "K_25pctN_tau_med": 1729.0,
  "K_25pctN_N_med": 24.0,
  "K_25pctN_n_in_med": 6.0,
  "K_25pctN_gap_med": 2.3900970550715783,
  "K_25pctN_gap_q80": 3.3402856954113305,
  "K_25pctN_gap_le_5": 1.0,
  "K_25pctN_gap_le_10": 1.0,
  "K_25pctN_r80": 74.42286819490555,
  "K_25pctN_tight": 0.9220696728327548,
  "K_25pctN_beta_r": 0.041666666666666664
}