{
  "n_runs": 51,
  "n_hits": 0,
  "hit_rate": 0.0,
  "tau_median": NaN,
  "tau_mean": NaN,
  "n_hits_out": 43,
  "hit_rate_out": 0.8431372549019608,
  "tau_out_median": 60.0,
  "tau_out_mean": 60.348837209302324,
  "G2G3_rate_mean": 0.9439944184697907,
  "G2G3_rate_median": 0.9422365988909427,
  "G4_rate_mean": 0.8196241528034504,
  "G4_rate_median": 0.9713493530499075,
  "G5_rate_mean": 1.0,
  "G5_rate_median": 1.0,
  "Ghat_rate_mean": 0.7934471385596752,
  "Ghat_rate_median": 0.9417744916820703,
  "gamma0_mean": 9.155768690380486e-06,
  "runs_with_any_G4": 43,
  "runs_with_any_Ghat": 43,
  "runs_with_any_gamma0_pos": 43,
  "n_ever_G2G3": 51,
  "n_ever_G4": 43,
  "n_ever_Ghat": 43,
  "tau_G2G3_first_median": 124.0,
  "tau_G4_first_median": 60.0,
  "tau_Ghat_first_median": 125.0,
  "n_stable_Ghat": 43,
  "tau_Ghat_stable_median": 125.0,
  "tau_Ghat_stable_mean": 127.67441860465117,
  "n_valid_phases": 0,
  "phase1_median": NaN,
  "phase1_mean": NaN,
  "phase2_median": NaN,
  "phase2_mean": NaN,
  "phase_ratio_median": NaN,
  "phase_ratio_mean": NaN,
  "T_conc_10_median": 125.0,
  "T_conc_10_mean": 121.7843137254902,
  "n_finite_T_conc_10": 51,
  "delta_10_median": NaN,
  "delta_10_mean": NaN,
  "n_positive_delta_10": 0,
  "p_delta_positive_10": NaN,
  "n_finite_Twit": 43,
  "Twit_median": 125.0,
  "Twit_mean": 127.67441860465117,
  "Twit_inf_rate": 0.1568627450980392,
  "n_runs_with_at_risk": 51,
  "function": "cec2017_f28",
  "eps_in": 100.0,
  "eps_out": 400.0,
  "dim": 10,
  "r_conc": 2.0,
  "m_min": 4
}