{
  "n_runs": 51,
  "n_hits": 0,
  "hit_rate": 0.0,
  "tau_median": NaN,
  "tau_mean": NaN,
  "n_hits_out": 37,
  "hit_rate_out": 0.7254901960784313,
  "tau_out_median": 215.0,
  "tau_out_mean": 215.16216216216216,
  "G2G3_rate_mean": 0.8959352687470551,
  "G2G3_rate_median": 0.8955637707948244,
  "G4_rate_mean": 0.653356166866007,
  "G4_rate_median": 0.8987985212569316,
  "G5_rate_mean": 1.0,
  "G5_rate_median": 1.0,
  "Ghat_rate_mean": 0.6489434960675583,
  "Ghat_rate_median": 0.8927911275415896,
  "gamma0_mean": 7.7172879938555e-06,
  "runs_with_any_G4": 37,
  "runs_with_any_Ghat": 37,
  "runs_with_any_gamma0_pos": 37,
  "n_ever_G2G3": 51,
  "n_ever_G4": 37,
  "n_ever_Ghat": 37,
  "tau_G2G3_first_median": 222.0,
  "tau_G4_first_median": 215.0,
  "tau_Ghat_first_median": 223.0,
  "n_stable_Ghat": 37,
  "tau_Ghat_stable_median": 230.0,
  "tau_Ghat_stable_mean": 230.48648648648648,
  "n_valid_phases": 0,
  "phase1_median": NaN,
  "phase1_mean": NaN,
  "phase2_median": NaN,
  "phase2_mean": NaN,
  "phase_ratio_median": NaN,
  "phase_ratio_mean": NaN,
  "T_conc_10_median": 229.0,
  "T_conc_10_mean": 227.2941176470588,
  "n_finite_T_conc_10": 51,
  "delta_10_median": NaN,
  "delta_10_mean": NaN,
  "n_positive_delta_10": 0,
  "p_delta_positive_10": NaN,
  "n_finite_Twit": 37,
  "Twit_median": 230.0,
  "Twit_mean": 230.48648648648648,
  "Twit_inf_rate": 0.27450980392156865,
  "n_runs_with_at_risk": 51,
  "function": "cec2017_f30",
  "eps_in": 100.0,
  "eps_out": 400.0,
  "dim": 10,
  "r_conc": 2.0,
  "m_min": 4
}