{
  "function": "cec2017_f3",
  "func_id": 3,
  "dim": 30,
  "f_star": 300.0,
  "n_runs": 51,
  "error_min": 0.0,
  "error_median": 0.0,
  "error_mean": 5.572884202040001e-15,
  "error_max": 5.684341886080802e-14,
  "eps_in": 5.0,
  "margin": 5.0,
  "eps_source": "median(final_error)+margin",
  "r_geo": 5.0,
  "K_1_success": 51,
  "K_1_tau_med": 176.0,
  "K_1_N_med": 393.0,
  "K_1_n_in_med": 1.0,
  "K_1_gap_med": 7.605027889198482,
  "K_1_gap_q80": 11.682840806454696,
  "K_1_gap_le_5": 0.2524752475247525,
  "K_1_gap_le_10": 0.7061855670103093,
  "K_1_r80": 3.835720653121865,
  "K_1_tight": 0.8731206707003075,
  "K_1_beta_r": 0.9946091644204852,
  "K_5_success": 51,
  "K_5_tau_med": 177.0,
  "K_5_N_med": 393.0,
  "K_5_n_in_med": 7.0,
  "K_5_gap_med": 5.176658528280342,
  "K_5_gap_q80": 8.24285841653193,
  "K_5_gap_le_5": 0.4794871794871795,
  "K_5_gap_le_10": 0.8882978723404256,
  "K_5_r80": 3.4486024531509183,
  "K_5_tight": 0.8757544278372165,
  "K_5_beta_r": 1.0,
  "K_10pctN_success": 51,
  "K_10pctN_tau_med": 181.0,
  "K_10pctN_N_med": 390.0,
  "K_10pctN_n_in_med": 50.0,
  "K_10pctN_gap_med": 2.6445200830746387,
  "K_10pctN_gap_q80": 4.801934009492391,
  "K_10pctN_gap_le_5": 0.8157894736842105,
  "K_10pctN_gap_le_10": 0.9876543209876543,
  "K_10pctN_r80": 2.856616824724106,
  "K_10pctN_tight": 0.8763092633743235,
  "K_10pctN_beta_r": 1.0,
  "K_25pctN_success": 51,
  "K_25pctN_tau_med": 182.0,
  "K_25pctN_N_med": 389.0,
  "K_25pctN_n_in_med": 115.0,
  "K_25pctN_gap_med": 1.6879551194808187,
  "K_25pctN_gap_q80": 3.3704324679174564,
  "K_25pctN_gap_le_5": 0.9263565891472868,
  "K_25pctN_gap_le_10": 1.0,
  "K_25pctN_r80": 2.5729634782522433,
  "K_25pctN_tight": 0.8743801823724485,
  "K_25pctN_beta_r": 1.0
}