{
  "function": "cec2017_f9",
  "func_id": 9,
  "dim": 30,
  "f_star": 900.0,
  "n_runs": 51,
  "error_min": 0.0,
  "error_median": 0.0,
  "error_mean": 0.0,
  "error_max": 0.0,
  "eps_in": 5.0,
  "margin": 5.0,
  "eps_source": "median(final_error)+margin",
  "r_geo": 5.0,
  "K_1_success": 51,
  "K_1_tau_med": 108.0,
  "K_1_N_med": 444.0,
  "K_1_n_in_med": 1.0,
  "K_1_gap_med": 6.528432397889787,
  "K_1_gap_q80": 10.033711060435987,
  "K_1_gap_le_5": 0.29571106094808125,
  "K_1_gap_le_10": 0.7990970654627539,
  "K_1_r80": 8.091414836973414,
  "K_1_tight": 0.8792010694495059,
  "K_1_beta_r": 0.015765765765765764,
  "K_5_success": 51,
  "K_5_tau_med": 110.0,
  "K_5_N_med": 443.0,
  "K_5_n_in_med": 6.0,
  "K_5_gap_med": 4.409060374443072,
  "K_5_gap_q80": 6.708738396167746,
  "K_5_gap_le_5": 0.5949656750572082,
  "K_5_gap_le_10": 0.9407744874715261,
  "K_5_r80": 7.269617357798858,
  "K_5_tight": 0.8780225860100478,
  "K_5_beta_r": 0.06561085972850679,
  "K_10pctN_success": 51,
  "K_10pctN_tau_med": 113.0,
  "K_10pctN_N_med": 440.0,
  "K_10pctN_n_in_med": 60.0,
  "K_10pctN_gap_med": 2.1833341684932748,
  "K_10pctN_gap_q80": 3.804203685073958,
  "K_10pctN_gap_le_5": 0.9158163265306123,
  "K_10pctN_gap_le_10": 1.0,
  "K_10pctN_r80": 6.017193568211627,
  "K_10pctN_tight": 0.8725106081384714,
  "K_10pctN_beta_r": 0.38181818181818183,
  "K_25pctN_success": 51,
  "K_25pctN_tau_med": 115.0,
  "K_25pctN_N_med": 439.0,
  "K_25pctN_n_in_med": 137.0,
  "K_25pctN_gap_med": 1.4549346277625546,
  "K_25pctN_gap_q80": 2.7571336507326807,
  "K_25pctN_gap_le_5": 0.9743589743589743,
  "K_25pctN_gap_le_10": 1.0,
  "K_25pctN_r80": 5.492642110889574,
  "K_25pctN_tight": 0.8747785616362993,
  "K_25pctN_beta_r": 0.6068181818181818
}