{
  "function": "cec2017_f20",
  "func_id": 20,
  "dim": 30,
  "f_star": 2000.0,
  "n_runs": 51,
  "error_min": 23.1604064430187,
  "error_median": 38.13288082629879,
  "error_mean": 37.01908755941708,
  "error_max": 62.15928986105973,
  "eps_in": 43.13288082629879,
  "margin": 5.0,
  "eps_source": "median(final_error)+margin",
  "r_geo": 5.0,
  "K_1_success": 46,
  "K_1_tau_med": 1700.5,
  "K_1_N_med": 25.5,
  "K_1_n_in_med": 1.0,
  "K_1_gap_med": 40.16944487243029,
  "K_1_gap_q80": 106.24497600612654,
  "K_1_gap_le_5": 0.027879677182685254,
  "K_1_gap_le_10": 0.06573275862068965,
  "K_1_r80": 267.35378212863276,
  "K_1_tight": 0.8850519338371812,
  "K_1_beta_r": 0.039230769230769236,
  "K_5_success": 9,
  "K_5_tau_med": 1878.0,
  "K_5_N_med": 19.0,
  "K_5_n_in_med": 5.0,
  "K_5_gap_med": 13.445656663533555,
  "K_5_gap_q80": 16.627394161468693,
  "K_5_gap_le_5": 0.2,
  "K_5_gap_le_10": 0.3076923076923077,
  "K_5_r80": 250.9689283451524,
  "K_5_tight": 0.8833207971646796,
  "K_5_beta_r": 0.05263157894736842,
  "K_10pctN_success": 46,
  "K_10pctN_tau_med": 2203.0,
  "K_10pctN_N_med": 10.0,
  "K_10pctN_n_in_med": 1.0,
  "K_10pctN_gap_med": 18.586897738383072,
  "K_10pctN_gap_q80": 26.648660068870097,
  "K_10pctN_gap_le_5": 0.1111111111111111,
  "K_10pctN_gap_le_10": 0.25462962962962965,
  "K_10pctN_r80": 256.6658148271707,
  "K_10pctN_tight": 0.8956435221344938,
  "K_10pctN_beta_r": 0.1,
  "K_25pctN_success": 46,
  "K_25pctN_tau_med": 2321.0,
  "K_25pctN_N_med": 8.0,
  "K_25pctN_n_in_med": 2.0,
  "K_25pctN_gap_med": 11.173955254549355,
  "K_25pctN_gap_q80": 15.384356482546629,
  "K_25pctN_gap_le_5": 0.2222222222222222,
  "K_25pctN_gap_le_10": 0.45,
  "K_25pctN_r80": 252.91294968287815,
  "K_25pctN_tight": 0.8820244985531907,
  "K_25pctN_beta_r": 0.125
}