{
  "function": "cec2017_f25",
  "func_id": 25,
  "dim": 10,
  "f_star": 2500.0,
  "n_runs": 51,
  "error_min": 398.00898944057735,
  "error_median": 398.00898944057735,
  "error_mean": 407.937771904597,
  "error_max": 445.8019689817729,
  "eps_in": 403.00898944057735,
  "margin": 5.0,
  "eps_source": "median(final_error)+margin",
  "r_geo": 5.0,
  "K_1_success": 40,
  "K_1_tau_med": 67.0,
  "K_1_N_med": 160.0,
  "K_1_n_in_med": 1.0,
  "K_1_err_best_tau_med": 402.46462241863196,
  "K_1_depth_into_Ain_med": 0.5443670219453907,
  "K_1_gap_med": 13.121919115305673,
  "K_1_gap_q80": 21.31209172348013,
  "K_1_gap_le_5": 0.0949367088607595,
  "K_1_gap_le_10": 0.36146723646723644,
  "K_1_r80": 22.934670448843384,
  "K_1_tight": 0.7342344071147544,
  "K_1_beta_r": 0.006289308176100629,
  "K_5_success": 40,
  "K_5_tau_med": 72.0,
  "K_5_N_med": 158.0,
  "K_5_n_in_med": 6.0,
  "K_5_err_best_tau_med": 401.4192993877866,
  "K_5_depth_into_Ain_med": 1.5896900527907292,
  "K_5_gap_med": 6.384871894936168,
  "K_5_gap_q80": 10.672853136440882,
  "K_5_gap_le_5": 0.38235294117647056,
  "K_5_gap_le_10": 0.7540849673202614,
  "K_5_r80": 17.39395810922999,
  "K_5_tight": 0.7446658951092497,
  "K_5_beta_r": 0.0063898415809243835,
  "K_10pctN_success": 40,
  "K_10pctN_tau_med": 75.0,
  "K_10pctN_N_med": 157.0,
  "K_10pctN_n_in_med": 18.5,
  "K_10pctN_err_best_tau_med": 400.7047772127555,
  "K_10pctN_depth_into_Ain_med": 2.3042122278218358,
  "K_10pctN_gap_med": 3.626047275400424,
  "K_10pctN_gap_q80": 6.566644426263521,
  "K_10pctN_gap_le_5": 0.6559095580678315,
  "K_10pctN_gap_le_10": 0.9428542272564927,
  "K_10pctN_r80": 15.00421707068864,
  "K_10pctN_tight": 0.7334671049158338,
  "K_10pctN_beta_r": 0.0189873417721519,
  "K_25pctN_success": 40,
  "K_25pctN_tau_med": 77.5,
  "K_25pctN_N_med": 157.0,
  "K_25pctN_n_in_med": 45.0,
  "K_25pctN_err_best_tau_med": 400.17600295072293,
  "K_25pctN_depth_into_Ain_med": 2.83298648985442,
  "K_25pctN_gap_med": 2.1102686542062656,
  "K_25pctN_gap_q80": 4.224425520562409,
  "K_25pctN_gap_le_5": 0.8617482161060144,
  "K_25pctN_gap_le_10": 0.9913036902601331,
  "K_25pctN_r80": 13.084435063399008,
  "K_25pctN_tight": 0.7437870336846857,
  "K_25pctN_beta_r": 0.03194920790462191
}