{
  "function": "cec2017_f14",
  "func_id": 14,
  "dim": 30,
  "f_star": 1400.0,
  "n_runs": 51,
  "error_min": 20.06120731824535,
  "error_median": 22.313328686822388,
  "error_mean": 22.768324970299208,
  "error_max": 27.36081923121128,
  "eps_in": 27.313328686822388,
  "margin": 5.0,
  "eps_source": "median(final_error)+margin",
  "r_geo": 5.0,
  "K_1_success": 50,
  "K_1_tau_med": 836.0,
  "K_1_N_med": 120.5,
  "K_1_n_in_med": 1.0,
  "K_1_gap_med": 3.4278079545390483,
  "K_1_gap_q80": 5.711132159757971,
  "K_1_gap_le_5": 0.740265376984127,
  "K_1_gap_le_10": 0.9584588893671976,
  "K_1_r80": 25.909977742538494,
  "K_1_tight": 0.691712088086518,
  "K_1_beta_r": 0.00858384910109048,
  "K_5_success": 50,
  "K_5_tau_med": 847.0,
  "K_5_N_med": 119.0,
  "K_5_n_in_med": 5.0,
  "K_5_gap_med": 1.9818764260136277,
  "K_5_gap_q80": 3.688693371370209,
  "K_5_gap_le_5": 0.889229720518064,
  "K_5_gap_le_10": 0.9911755559011041,
  "K_5_r80": 21.928288545007376,
  "K_5_tight": 0.7280052545837541,
  "K_5_beta_r": 0.015226956924502084,
  "K_10pctN_success": 50,
  "K_10pctN_tau_med": 854.0,
  "K_10pctN_N_med": 117.0,
  "K_10pctN_n_in_med": 13.0,
  "K_10pctN_gap_med": 1.5099495707061692,
  "K_10pctN_gap_q80": 2.6159385149331698,
  "K_10pctN_gap_le_5": 0.9511511392103065,
  "K_10pctN_gap_le_10": 1.0,
  "K_10pctN_r80": 19.83043765822913,
  "K_10pctN_tight": 0.7237575485926782,
  "K_10pctN_beta_r": 0.016533442645350824,
  "K_25pctN_success": 50,
  "K_25pctN_tau_med": 861.5,
  "K_25pctN_N_med": 115.5,
  "K_25pctN_n_in_med": 32.0,
  "K_25pctN_gap_med": 0.8883232439471271,
  "K_25pctN_gap_q80": 1.848712595812731,
  "K_25pctN_gap_le_5": 0.981922525107604,
  "K_25pctN_gap_le_10": 1.0,
  "K_25pctN_r80": 17.8519594197629,
  "K_25pctN_tight": 0.7346026526225846,
  "K_25pctN_beta_r": 0.017624223602484473
}