{
  "function": "cec2017_f6",
  "func_id": 6,
  "dim": 30,
  "f_star": 600.0,
  "n_runs": 51,
  "error_min": 1.1368683772161603e-13,
  "error_median": 1.1368683772161603e-13,
  "error_mean": 6.329760342886598e-08,
  "error_max": 2.0392013766468153e-06,
  "eps_in": 5.000000000000114,
  "margin": 5.0,
  "eps_source": "median(final_error)+margin",
  "r_geo": 5.0,
  "K_1_success": 51,
  "K_1_tau_med": 89.0,
  "K_1_N_med": 460.0,
  "K_1_n_in_med": 1.0,
  "K_1_gap_med": 3.6134882840301543,
  "K_1_gap_q80": 4.990466988348771,
  "K_1_gap_le_5": 0.8065217391304348,
  "K_1_gap_le_10": 1.0,
  "K_1_r80": 23.463272001227057,
  "K_1_tight": 0.8613625063664183,
  "K_1_beta_r": 0.002173913043478261,
  "K_5_success": 51,
  "K_5_tau_med": 92.0,
  "K_5_N_med": 457.0,
  "K_5_n_in_med": 7.0,
  "K_5_gap_med": 2.5603410668038578,
  "K_5_gap_q80": 3.63700109895151,
  "K_5_gap_le_5": 0.9646799116997793,
  "K_5_gap_le_10": 1.0,
  "K_5_r80": 20.707678614852792,
  "K_5_tight": 0.861954242801454,
  "K_5_beta_r": 0.002188183807439825,
  "K_10pctN_success": 51,
  "K_10pctN_tau_med": 96.0,
  "K_10pctN_N_med": 454.0,
  "K_10pctN_n_in_med": 55.0,
  "K_10pctN_gap_med": 1.286135213130592,
  "K_10pctN_gap_q80": 2.138291399780428,
  "K_10pctN_gap_le_5": 1.0,
  "K_10pctN_gap_le_10": 1.0,
  "K_10pctN_r80": 17.18295072859974,
  "K_10pctN_tight": 0.8657920626705179,
  "K_10pctN_beta_r": 0.0022026431718061676,
  "K_25pctN_success": 51,
  "K_25pctN_tau_med": 98.0,
  "K_25pctN_N_med": 452.0,
  "K_25pctN_n_in_med": 127.0,
  "K_25pctN_gap_med": 0.8407141644677267,
  "K_25pctN_gap_q80": 1.563475083045273,
  "K_25pctN_gap_le_5": 1.0,
  "K_25pctN_gap_le_10": 1.0,
  "K_25pctN_r80": 15.262797123188859,
  "K_25pctN_tight": 0.8630860593099783,
  "K_25pctN_beta_r": 0.0022123893805309734
}