eps,beta1_r0.5,beta1_r1.0,beta1_r2.0,beta1_r5.0,beta1_r10.0,beta1_r20.0
0.01,,,,,,
1.0,,,,,,
10.0,,,,,,
100.0,,,,,,
400.0,0.005847953216374269,0.005847953216374269,0.005847953216374269,0.005847953216374269,0.005847953216374269,0.011764705882352941
