eps,n_hits,tau_first,tau_median,tau_max,p_hat,clustering
0.01,0,,,,,
1.0,0,,,,,
10.0,0,,,,,
100.0,0,,,,,
400.0,51,19.0,27.0,33.0,0.03758290346352248,1.7554579610635008
