{
  "function": "cec2017_f13",
  "func_id": 13,
  "dim": 30,
  "f_star": 1300.0,
  "n_runs": 51,
  "error_min": 1.30136898408432,
  "error_median": 21.45261290237363,
  "error_mean": 16.721271474017925,
  "error_max": 34.423941946358354,
  "eps_in": 26.45261290237363,
  "margin": 5.0,
  "eps_source": "median(final_error)+margin",
  "r_geo": 5.0,
  "K_1_success": 44,
  "K_1_tau_med": 1039.5,
  "K_1_N_med": 84.0,
  "K_1_n_in_med": 1.0,
  "K_1_gap_med": 1.6784927692762608,
  "K_1_gap_q80": 2.571869477148925,
  "K_1_gap_le_5": 0.9935897435897436,
  "K_1_gap_le_10": 1.0,
  "K_1_r80": 3.6157902262756125,
  "K_1_tight": 0.7866716380680759,
  "K_1_beta_r": 0.9865765765765766,
  "K_5_success": 44,
  "K_5_tau_med": 1043.0,
  "K_5_N_med": 83.5,
  "K_5_n_in_med": 6.0,
  "K_5_gap_med": 1.24232714075481,
  "K_5_gap_q80": 1.9562869795476219,
  "K_5_gap_le_5": 1.0,
  "K_5_gap_le_10": 1.0,
  "K_5_r80": 2.649583345622526,
  "K_5_tight": 0.7799220711974202,
  "K_5_beta_r": 1.0,
  "K_10pctN_success": 44,
  "K_10pctN_tau_med": 1044.5,
  "K_10pctN_N_med": 83.0,
  "K_10pctN_n_in_med": 11.5,
  "K_10pctN_gap_med": 1.166415646460166,
  "K_10pctN_gap_q80": 1.8594045757628466,
  "K_10pctN_gap_le_5": 1.0,
  "K_10pctN_gap_le_10": 1.0,
  "K_10pctN_r80": 2.649583345622526,
  "K_10pctN_tight": 0.7703820233149877,
  "K_10pctN_beta_r": 1.0,
  "K_25pctN_success": 44,
  "K_25pctN_tau_med": 1046.0,
  "K_25pctN_N_med": 83.0,
  "K_25pctN_n_in_med": 25.5,
  "K_25pctN_gap_med": 1.0858026330474218,
  "K_25pctN_gap_q80": 1.594035149382421,
  "K_25pctN_gap_le_5": 1.0,
  "K_25pctN_gap_le_10": 1.0,
  "K_25pctN_r80": 2.4518812600155,
  "K_25pctN_tight": 0.755405649066895,
  "K_25pctN_beta_r": 1.0
}