{
  "n_runs": 51,
  "n_hits": 51,
  "hit_rate": 1.0,
  "tau_median": 169.0,
  "tau_mean": 168.6078431372549,
  "n_hits_out": 51,
  "hit_rate_out": 1.0,
  "tau_out_median": 158.0,
  "tau_out_mean": 158.15686274509804,
  "G2G3_rate_mean": 0.3936578298081335,
  "G2G3_rate_median": 0.4,
  "G4_rate_mean": 0.0617311202430891,
  "G4_rate_median": 0.05917159763313609,
  "G5_rate_mean": 1.0,
  "G5_rate_median": 1.0,
  "Ghat_rate_mean": 0.06138355434087746,
  "Ghat_rate_median": 0.05917159763313609,
  "gamma0_mean": 1.4139756314489986e-09,
  "runs_with_any_G4": 51,
  "runs_with_any_Ghat": 51,
  "runs_with_any_gamma0_pos": 51,
  "n_ever_G2G3": 51,
  "n_ever_G4": 51,
  "n_ever_Ghat": 51,
  "tau_G2G3_first_median": 91.0,
  "tau_G4_first_median": 158.0,
  "tau_Ghat_first_median": 158.0,
  "n_stable_Ghat": 51,
  "tau_Ghat_stable_median": 158.0,
  "tau_Ghat_stable_mean": 158.2156862745098,
  "n_valid_phases": 51,
  "phase1_median": 158.0,
  "phase1_mean": 158.2156862745098,
  "phase2_median": 10.0,
  "phase2_mean": 10.392156862745098,
  "phase_ratio_median": 0.06289308176100629,
  "phase_ratio_mean": 0.06580832318249208,
  "T_conc_10_median": 103.0,
  "T_conc_10_mean": 110.07843137254902,
  "n_finite_T_conc_10": 51,
  "delta_10_median": 62.0,
  "delta_10_mean": 58.529411764705884,
  "n_positive_delta_10": 51,
  "p_delta_positive_10": 1.0,
  "n_finite_Twit": 51,
  "Twit_median": 158.0,
  "Twit_mean": 158.2156862745098,
  "Twit_inf_rate": 0.0,
  "n_runs_with_at_risk": 51,
  "function": "cec2017_f1",
  "eps_in": 100.0,
  "eps_out": 400.0,
  "dim": 10,
  "r_conc": 2.0,
  "m_min": 4
}