{
  "function": "cec2017_f19",
  "func_id": 19,
  "dim": 10,
  "f_star": 1900.0,
  "n_runs": 51,
  "error_min": 7.9935921348806e-07,
  "error_median": 0.009729785361287213,
  "error_mean": 0.010518388391217598,
  "error_max": 0.13409051441954034,
  "eps_in": 5.009729785361287,
  "margin": 5.0,
  "eps_source": "median(final_error)+margin",
  "r_geo": 5.0,
  "K_1_success": 51,
  "K_1_tau_med": 159.0,
  "K_1_N_med": 136.0,
  "K_1_n_in_med": 1.0,
  "K_1_err_best_tau_med": 4.752072303972682,
  "K_1_depth_into_Ain_med": 0.25765748138860545,
  "K_1_gap_med": 6.093998050926075,
  "K_1_gap_q80": 8.71655871228154,
  "K_1_gap_le_5": 0.35555555555555557,
  "K_1_gap_le_10": 0.8913043478260869,
  "K_1_r80": 136.68417423141318,
  "K_1_tight": 0.7616991209797643,
  "K_1_beta_r": 0.007352941176470588,
  "K_5_success": 51,
  "K_5_tau_med": 198.0,
  "K_5_N_med": 127.0,
  "K_5_n_in_med": 5.0,
  "K_5_err_best_tau_med": 3.8161382701985076,
  "K_5_depth_into_Ain_med": 1.1935915151627796,
  "K_5_gap_med": 3.1755910143323263,
  "K_5_gap_q80": 4.81237743536758,
  "K_5_gap_le_5": 0.8181818181818182,
  "K_5_gap_le_10": 1.0,
  "K_5_r80": 130.70123912722485,
  "K_5_tight": 0.7613341049059564,
  "K_5_beta_r": 0.007874015748031496,
  "K_10pctN_success": 51,
  "K_10pctN_tau_med": 228.0,
  "K_10pctN_N_med": 120.0,
  "K_10pctN_n_in_med": 13.0,
  "K_10pctN_err_best_tau_med": 3.2679651097273563,
  "K_10pctN_depth_into_Ain_med": 1.741764675633931,
  "K_10pctN_gap_med": 2.0808764856551534,
  "K_10pctN_gap_q80": 3.366195585205924,
  "K_10pctN_gap_le_5": 0.9906542056074766,
  "K_10pctN_gap_le_10": 1.0,
  "K_10pctN_r80": 127.2992585971487,
  "K_10pctN_tight": 0.7613082182586388,
  "K_10pctN_beta_r": 0.008333333333333333,
  "K_25pctN_success": 51,
  "K_25pctN_tau_med": 259.0,
  "K_25pctN_N_med": 114.0,
  "K_25pctN_n_in_med": 29.0,
  "K_25pctN_err_best_tau_med": 2.7119020963705225,
  "K_25pctN_depth_into_Ain_med": 2.2978276889907647,
  "K_25pctN_gap_med": 1.3269457576946024,
  "K_25pctN_gap_q80": 2.3678874198784343,
  "K_25pctN_gap_le_5": 1.0,
  "K_25pctN_gap_le_10": 1.0,
  "K_25pctN_r80": 123.3132312619741,
  "K_25pctN_tight": 0.7420675088462707,
  "K_25pctN_beta_r": 0.008771929824561403
}