{
  "n_runs": 51,
  "n_hits": 2,
  "hit_rate": 0.0392156862745098,
  "tau_median": 138.0,
  "tau_mean": 138.0,
  "G2G3_rate_mean": 0.9075513754485157,
  "G2G3_rate_median": 0.944547134935305,
  "G4_rate_mean": 0.2429144934173748,
  "G4_rate_median": 0.0,
  "G5_rate_mean": 1.0,
  "G5_rate_median": 1.0,
  "Ghat_rate_mean": 0.21877605016128449,
  "Ghat_rate_median": 0.0,
  "gamma0_mean": 3.136260552144089e-06,
  "Twit_median": 642.0,
  "Twit_mean": 600.7222222222222,
  "Twit_inf_rate": 0.6470588235294118,
  "n_runs_with_at_risk": 51,
  "function": "cec2017_f22",
  "eps_in": 10.0,
  "eps_out": 100.0,
  "dim": 10,
  "r_conc": 2.0,
  "m_min": 4
}