{
  "function": "cec2017_f30",
  "func_id": 30,
  "dim": 30,
  "f_star": 3000.0,
  "n_runs": 51,
  "error_min": 2001.191080320361,
  "error_median": 2039.4393850825209,
  "error_mean": 2085.0904001863805,
  "error_max": 2595.6146803748034,
  "eps_in": 2044.4393850825209,
  "margin": 5.0,
  "eps_source": "median(final_error)+margin",
  "r_geo": 5.0,
  "K_1_success": 28,
  "K_1_tau_med": 291.0,
  "K_1_N_med": 320.5,
  "K_1_n_in_med": 1.0,
  "K_1_gap_med": 15.875880204347595,
  "K_1_gap_q80": 22.36627666307104,
  "K_1_gap_le_5": 0.04037880548454567,
  "K_1_gap_le_10": 0.1794294294294294,
  "K_1_r80": 4.786158911871592,
  "K_1_tight": 0.6343197302430708,
  "K_1_beta_r": 0.8183773054337937,
  "K_5_success": 28,
  "K_5_tau_med": 298.0,
  "K_5_N_med": 316.5,
  "K_5_n_in_med": 5.0,
  "K_5_gap_med": 12.408995376257508,
  "K_5_gap_q80": 17.67021460805163,
  "K_5_gap_le_5": 0.10978510269181263,
  "K_5_gap_le_10": 0.35277524504217006,
  "K_5_r80": 4.505820089572067,
  "K_5_tight": 0.6548509529329605,
  "K_5_beta_r": 0.8555879168066913,
  "K_10pctN_success": 28,
  "K_10pctN_tau_med": 303.5,
  "K_10pctN_N_med": 313.5,
  "K_10pctN_n_in_med": 34.0,
  "K_10pctN_gap_med": 6.659183907730949,
  "K_10pctN_gap_q80": 11.212715756930539,
  "K_10pctN_gap_le_5": 0.363125311321426,
  "K_10pctN_gap_le_10": 0.7397430031266682,
  "K_10pctN_r80": 3.85811587029964,
  "K_10pctN_tight": 0.7193775804045897,
  "K_10pctN_beta_r": 0.935596408202888,
  "K_25pctN_success": 28,
  "K_25pctN_tau_med": 307.5,
  "K_25pctN_N_med": 311.0,
  "K_25pctN_n_in_med": 85.5,
  "K_25pctN_gap_med": 4.418719731525016,
  "K_25pctN_gap_q80": 7.623800516140275,
  "K_25pctN_gap_le_5": 0.5556387544516482,
  "K_25pctN_gap_le_10": 0.9102547712537667,
  "K_25pctN_r80": 3.628042728996326,
  "K_25pctN_tight": 0.7105762074656653,
  "K_25pctN_beta_r": 0.9606143242839893
}