{
  "function": "cec2017_f16",
  "func_id": 16,
  "dim": 30,
  "f_star": 1600.0,
  "n_runs": 51,
  "error_min": 12.842028763341432,
  "error_median": 27.72731168640621,
  "error_mean": 37.74947681566359,
  "error_max": 242.9198032244335,
  "eps_in": 32.72731168640621,
  "margin": 5.0,
  "eps_source": "median(final_error)+margin",
  "r_geo": 5.0,
  "K_1_success": 35,
  "K_1_tau_med": 2170.0,
  "K_1_N_med": 11.0,
  "K_1_n_in_med": 1.0,
  "K_1_gap_med": 155.7297115531053,
  "K_1_gap_q80": 223.7154433666266,
  "K_1_gap_le_5": 0.0,
  "K_1_gap_le_10": 0.06666666666666667,
  "K_1_r80": 169.44278627412035,
  "K_1_tight": 0.8348214633614357,
  "K_1_beta_r": 0.09090909090909091,
  "K_5_success": 2,
  "K_5_tau_med": 2393.0,
  "K_5_N_med": 7.5,
  "K_5_n_in_med": 5.0,
  "K_5_gap_med": 6.150255149207965,
  "K_5_gap_q80": 8.631141276318772,
  "K_5_gap_le_5": 0.3333333333333333,
  "K_5_gap_le_10": 0.8333333333333333,
  "K_5_r80": 170.1513405270497,
  "K_5_tight": 0.8289289150909965,
  "K_5_beta_r": 0.13392857142857142,
  "K_10pctN_success": 35,
  "K_10pctN_tau_med": 2203.0,
  "K_10pctN_N_med": 10.0,
  "K_10pctN_n_in_med": 1.0,
  "K_10pctN_gap_med": 112.77349378243787,
  "K_10pctN_gap_q80": 212.73597918311884,
  "K_10pctN_gap_le_5": 0.0,
  "K_10pctN_gap_le_10": 0.1111111111111111,
  "K_10pctN_r80": 173.12468673601896,
  "K_10pctN_tight": 0.8523883220673669,
  "K_10pctN_beta_r": 0.1,
  "K_25pctN_success": 35,
  "K_25pctN_tau_med": 2675.0,
  "K_25pctN_N_med": 4.0,
  "K_25pctN_n_in_med": 1.0,
  "K_25pctN_gap_med": 26.732804969347626,
  "K_25pctN_gap_q80": 72.5763849063569,
  "K_25pctN_gap_le_5": 0.0,
  "K_25pctN_gap_le_10": 0.3333333333333333,
  "K_25pctN_r80": 167.29522000124652,
  "K_25pctN_tight": 0.8283301972208641,
  "K_25pctN_beta_r": 0.25
}