{
  "function": "cec2017_f28",
  "func_id": 28,
  "dim": 10,
  "f_star": 2800.0,
  "n_runs": 51,
  "error_min": 300.0,
  "error_median": 300.0,
  "error_mean": 347.2609847486024,
  "error_max": 611.8216658800402,
  "eps_in": 305.0,
  "margin": 5.0,
  "eps_source": "median(final_error)+margin",
  "r_geo": 5.0,
  "K_1_success": 43,
  "K_1_tau_med": 117.0,
  "K_1_N_med": 146.0,
  "K_1_n_in_med": 1.0,
  "K_1_err_best_tau_med": 304.4287240687654,
  "K_1_depth_into_Ain_med": 0.5712759312345952,
  "K_1_gap_med": 5.332948346175726,
  "K_1_gap_q80": 7.585227270983069,
  "K_1_gap_le_5": 0.44666666666666666,
  "K_1_gap_le_10": 0.9361702127659575,
  "K_1_r80": 3.7869684150061493,
  "K_1_tight": 0.826025557195658,
  "K_1_beta_r": 0.9863013698630136,
  "K_5_success": 43,
  "K_5_tau_med": 121.0,
  "K_5_N_med": 145.0,
  "K_5_n_in_med": 6.0,
  "K_5_err_best_tau_med": 303.7767242862519,
  "K_5_depth_into_Ain_med": 1.2232757137480803,
  "K_5_gap_med": 3.151733946549939,
  "K_5_gap_q80": 4.8902205976150075,
  "K_5_gap_le_5": 0.8115942028985508,
  "K_5_gap_le_10": 1.0,
  "K_5_r80": 2.978052034766517,
  "K_5_tight": 0.8326216827776522,
  "K_5_beta_r": 1.0,
  "K_10pctN_success": 43,
  "K_10pctN_tau_med": 123.0,
  "K_10pctN_N_med": 145.0,
  "K_10pctN_n_in_med": 19.0,
  "K_10pctN_err_best_tau_med": 303.1366734156786,
  "K_10pctN_depth_into_Ain_med": 1.8633265843213849,
  "K_10pctN_gap_med": 2.0970114632245895,
  "K_10pctN_gap_q80": 3.385582963657453,
  "K_10pctN_gap_le_5": 0.9618320610687023,
  "K_10pctN_gap_le_10": 1.0,
  "K_10pctN_r80": 2.496188697592288,
  "K_10pctN_tight": 0.839497876568464,
  "K_10pctN_beta_r": 1.0,
  "K_25pctN_success": 43,
  "K_25pctN_tau_med": 125.0,
  "K_25pctN_N_med": 144.0,
  "K_25pctN_n_in_med": 46.0,
  "K_25pctN_err_best_tau_med": 302.582634374387,
  "K_25pctN_depth_into_Ain_med": 2.4173656256130016,
  "K_25pctN_gap_med": 1.2149323042931428,
  "K_25pctN_gap_q80": 2.2891391636811935,
  "K_25pctN_gap_le_5": 1.0,
  "K_25pctN_gap_le_10": 1.0,
  "K_25pctN_r80": 2.153311021169741,
  "K_25pctN_tight": 0.8382885563596049,
  "K_25pctN_beta_r": 1.0
}