eps,n_hits,tau_first,tau_median,tau_max,p_hat,clustering
0.01,0,,,,,
1.0,0,,,,,
10.0,0,,,,,
100.0,0,,,,,
400.0,43,37.0,60.0,92.0,0.0129090363254278,2.1241624504030945
