{
  "function": "cec2017_f29",
  "func_id": 29,
  "dim": 10,
  "f_star": 2900.0,
  "n_runs": 51,
  "error_min": 228.36825608510662,
  "error_median": 234.3219316455543,
  "error_mean": 235.16880460439353,
  "error_max": 249.01163542775294,
  "eps_in": 239.3219316455543,
  "margin": 5.0,
  "eps_source": "median(final_error)+margin",
  "r_geo": 5.0,
  "K_1_success": 47,
  "K_1_tau_med": 580.0,
  "K_1_N_med": 65.0,
  "K_1_n_in_med": 1.0,
  "K_1_err_best_tau_med": 238.86205443033077,
  "K_1_depth_into_Ain_med": 0.4598772152235142,
  "K_1_gap_med": 16.347938567356323,
  "K_1_gap_q80": 22.843673625143584,
  "K_1_gap_le_5": 0.06666666666666667,
  "K_1_gap_le_10": 0.208955223880597,
  "K_1_r80": 98.91474969186017,
  "K_1_tight": 0.7732960275363284,
  "K_1_beta_r": 0.016129032258064516,
  "K_5_success": 30,
  "K_5_tau_med": 854.5,
  "K_5_N_med": 39.5,
  "K_5_n_in_med": 5.0,
  "K_5_err_best_tau_med": 235.77740126829963,
  "K_5_depth_into_Ain_med": 3.5445303772546595,
  "K_5_gap_med": 6.6184528458339855,
  "K_5_gap_q80": 9.792736979702433,
  "K_5_gap_le_5": 0.37103174603174605,
  "K_5_gap_le_10": 0.8166666666666667,
  "K_5_r80": 92.41655705035356,
  "K_5_tight": 0.76097384292438,
  "K_5_beta_r": 0.0304147465437788,
  "K_10pctN_success": 47,
  "K_10pctN_tau_med": 989.0,
  "K_10pctN_N_med": 31.0,
  "K_10pctN_n_in_med": 4.0,
  "K_10pctN_err_best_tau_med": 236.033413868985,
  "K_10pctN_depth_into_Ain_med": 3.288517776569279,
  "K_10pctN_gap_med": 6.748841499128957,
  "K_10pctN_gap_q80": 10.770322183888311,
  "K_10pctN_gap_le_5": 0.3333333333333333,
  "K_10pctN_gap_le_10": 0.7407407407407407,
  "K_10pctN_r80": 94.27546131289462,
  "K_10pctN_tight": 0.7746533202270687,
  "K_10pctN_beta_r": 0.03333333333333333,
  "K_25pctN_success": 47,
  "K_25pctN_tau_med": 1233.0,
  "K_25pctN_N_med": 20.0,
  "K_25pctN_n_in_med": 5.0,
  "K_25pctN_err_best_tau_med": 235.1746885817206,
  "K_25pctN_depth_into_Ain_med": 4.147243063833685,
  "K_25pctN_gap_med": 3.9107989337976505,
  "K_25pctN_gap_q80": 5.0474126171575335,
  "K_25pctN_gap_le_5": 0.7916666666666666,
  "K_25pctN_gap_le_10": 1.0,
  "K_25pctN_r80": 91.23573770894623,
  "K_25pctN_tight": 0.7676542068101188,
  "K_25pctN_beta_r": 0.05
}