{
  "function": "cec2017_f11",
  "func_id": 11,
  "dim": 10,
  "f_star": 1100.0,
  "n_runs": 51,
  "error_min": 0.0,
  "error_median": 0.0,
  "error_mean": 0.5064681765109428,
  "error_max": 2.0870156912169477,
  "eps_in": 5.0,
  "margin": 5.0,
  "eps_source": "median(final_error)+margin",
  "r_geo": 5.0,
  "K_1_success": 51,
  "K_1_tau_med": 203.0,
  "K_1_N_med": 126.0,
  "K_1_n_in_med": 1.0,
  "K_1_err_best_tau_med": 4.742326629082527,
  "K_1_depth_into_Ain_med": 0.2576733709174732,
  "K_1_gap_med": 7.422285242480029,
  "K_1_gap_q80": 10.884268852938341,
  "K_1_gap_le_5": 0.2578125,
  "K_1_gap_le_10": 0.7265625,
  "K_1_r80": 33.47555818223342,
  "K_1_tight": 0.7625760579318852,
  "K_1_beta_r": 0.008849557522123894,
  "K_5_success": 51,
  "K_5_tau_med": 257.0,
  "K_5_N_med": 114.0,
  "K_5_n_in_med": 5.0,
  "K_5_err_best_tau_med": 3.7824439232101668,
  "K_5_depth_into_Ain_med": 1.2175560767898332,
  "K_5_gap_med": 3.8996112226789137,
  "K_5_gap_q80": 6.137979021943875,
  "K_5_gap_le_5": 0.6697247706422018,
  "K_5_gap_le_10": 1.0,
  "K_5_r80": 30.31504680965553,
  "K_5_tight": 0.7709794215468296,
  "K_5_beta_r": 0.025210084033613446,
  "K_10pctN_success": 51,
  "K_10pctN_tau_med": 293.0,
  "K_10pctN_N_med": 107.0,
  "K_10pctN_n_in_med": 11.0,
  "K_10pctN_err_best_tau_med": 3.36726807823743,
  "K_10pctN_depth_into_Ain_med": 1.63273192176257,
  "K_10pctN_gap_med": 2.696713843316047,
  "K_10pctN_gap_q80": 4.349538740509934,
  "K_10pctN_gap_le_5": 0.8762886597938144,
  "K_10pctN_gap_le_10": 1.0,
  "K_10pctN_r80": 27.70806415553859,
  "K_10pctN_tight": 0.7775510939046179,
  "K_10pctN_beta_r": 0.03636363636363636,
  "K_25pctN_success": 51,
  "K_25pctN_tau_med": 337.0,
  "K_25pctN_N_med": 99.0,
  "K_25pctN_n_in_med": 25.0,
  "K_25pctN_err_best_tau_med": 2.8534394507132674,
  "K_25pctN_depth_into_Ain_med": 2.1465605492867326,
  "K_25pctN_gap_med": 1.6268549789662075,
  "K_25pctN_gap_q80": 3.0018250341946446,
  "K_25pctN_gap_le_5": 1.0,
  "K_25pctN_gap_le_10": 1.0,
  "K_25pctN_r80": 26.05868214960694,
  "K_25pctN_tight": 0.783230189973871,
  "K_25pctN_beta_r": 0.05263157894736842
}