{
  "function": "cec2017_f27",
  "func_id": 27,
  "dim": 10,
  "f_star": 2700.0,
  "n_runs": 51,
  "error_min": 389.0054448130272,
  "error_median": 389.51790623096986,
  "error_mean": 389.4576166523883,
  "error_max": 389.51790623096986,
  "eps_in": 394.51790623096986,
  "margin": 5.0,
  "eps_source": "median(final_error)+margin",
  "r_geo": 5.0,
  "K_1_success": 51,
  "K_1_tau_med": 55.0,
  "K_1_N_med": 163.0,
  "K_1_n_in_med": 1.0,
  "K_1_err_best_tau_med": 394.0922515462321,
  "K_1_depth_into_Ain_med": 0.4256546847377649,
  "K_1_gap_med": 6.839576333319201,
  "K_1_gap_q80": 9.026005659546446,
  "K_1_gap_le_5": 0.2360248447204969,
  "K_1_gap_le_10": 0.9012345679012346,
  "K_1_r80": 41.97985544755991,
  "K_1_tight": 0.7035361972842437,
  "K_1_beta_r": 0.006134969325153374,
  "K_5_success": 51,
  "K_5_tau_med": 69.0,
  "K_5_N_med": 159.0,
  "K_5_n_in_med": 5.0,
  "K_5_err_best_tau_med": 392.9623103208455,
  "K_5_depth_into_Ain_med": 1.5555959101243388,
  "K_5_gap_med": 4.5081473211944285,
  "K_5_gap_q80": 6.3571477917967965,
  "K_5_gap_le_5": 0.5909090909090909,
  "K_5_gap_le_10": 1.0,
  "K_5_r80": 30.592472673952944,
  "K_5_tight": 0.7278545785122049,
  "K_5_beta_r": 0.006289308176100629,
  "K_10pctN_success": 51,
  "K_10pctN_tau_med": 80.0,
  "K_10pctN_N_med": 156.0,
  "K_10pctN_n_in_med": 17.0,
  "K_10pctN_err_best_tau_med": 392.1887182036012,
  "K_10pctN_depth_into_Ain_med": 2.329188027368673,
  "K_10pctN_gap_med": 2.879240677971893,
  "K_10pctN_gap_q80": 4.56920953665458,
  "K_10pctN_gap_le_5": 0.8444444444444444,
  "K_10pctN_gap_le_10": 1.0,
  "K_10pctN_r80": 24.848093235001365,
  "K_10pctN_tight": 0.7257727709017182,
  "K_10pctN_beta_r": 0.006535947712418301,
  "K_25pctN_success": 51,
  "K_25pctN_tau_med": 88.0,
  "K_25pctN_N_med": 154.0,
  "K_25pctN_n_in_med": 40.0,
  "K_25pctN_err_best_tau_med": 391.4934338726821,
  "K_25pctN_depth_into_Ain_med": 3.024472358287767,
  "K_25pctN_gap_med": 1.8439920180744593,
  "K_25pctN_gap_q80": 3.3650331514565552,
  "K_25pctN_gap_le_5": 0.9478260869565217,
  "K_25pctN_gap_le_10": 1.0,
  "K_25pctN_r80": 21.011840896392595,
  "K_25pctN_tight": 0.7205761457690169,
  "K_25pctN_beta_r": 0.0196078431372549
}